0.27963153,0.2300776,0.09220841,-0.027051097,0.12557854,0.026404034,0.049863145,-0.21417588,0.19345567,-0.022492139,0.06335757,0.16458845,0.08796953,-0.17015432,0.13319162,-0.140969,-0.25905752,0.029713614,0.11113599,-0.2198736,0.08614373,0.076840095,-0.48492366,-0.054465305,0.02367922,0.10457616,-0.20850486,-0.00895876,-0.023874104,0.2214826,0.3867183,-0.044339716,0.09754376,-0.188427,-0.35160795,-0.2541375,0.043073725,0.037976034,-0.06007644,-0.19427833,-0.03409989,-0.058087766,-0.15402582,0.013805079,0.09424807,-0.18992366,-0.03923137,0.0015660971,0.030314328,-0.08219958,0.2449913,-0.0017995855,-0.21141131,0.02448409,0.06363484,-0.047534976,-0.0030677689,0.16413108,0.06989051,-0.18605153,0.2967125,-0.013224327,0.010306019,0.124268234
0.2664233,3.0232322,1.6066321,4.1499534,1.5188302,-0.5666181,-0.39931297,0.7291429,-0.78791785,-0.04190303,-0.2435712,-0.20229012,2.5728884,0.08765528,-0.97045165,-2.2601578,1.1141543,-0.8468175,-0.025709433,-3.0294454,4.487849,1.0969323,1.417094,2.3416884,1.3252947,-3.060722,3.6065,-0.042565145,0.9972911,-0.011679843,-0.03307338,0.56530863,0.25841135,1.1881818,-2.5617576,-1.4388549,-2.0673676,0.19776537,-1.6766548,0.33497235,-0.25097227,2.1653583,-0.37364763,-0.2863305,-2.3275595,0.13097553,2.310456,0.71891046,-0.8337081,0.42347857,1.0298728,-2.4711592,1.1033633,-1.1378304,0.0832311,-3.889533,-0.47669634,2.2779424,1.3098394,2.846582,-2.2089767,-0.6602215,-0.6701333,0.009093572
0.4201771,1.9357244,0.0027945423,0.23518519,-0.6372324,-1.0821916,-0.644028,0.42181548,-1.6555676,0.57739466,-0.5186715,-1.2584304,0.7157603,-0.9231295,-0.21955611,0.016171724,0.1840676,-0.75922847,0.4524764,-0.3125973,1.2727976,2.0626986,1.7516116,-0.09602948,0.3311354,-0.03172945,-0.13641432,1.6785877,0.2012804,-1.0272104,0.64857054,0.35556424,2.7595925,0.8835301,1.2688361,-1.1869752,-2.4353542,-0.26872772,-2.1256719,0.0073599666,1.4810982,-0.69238245,0.5274863,-1.3202655,-1.0267768,-0.13048004,-2.1580725,1.6757534,-0.12116374,0.92580324,0.6365027,-0.03774926,-0.49467364,-0.25521696,2.7699113,-0.19205536,-0.2337018,0.08607831,-0.04201028,-0.7772085,0.52043176,1.412414,0.9551382,0.24705473
1.8865665,0.44338724,2.9268591,2.2146943,0.22116497,0.023408195,-2.73063,1.1482213,0.16989164,1.8138484,-0.55698085,3.6771934,0.20315595,-0.6758776,1.3971995,-0.2561591,0.5258089,-2.127605,-0.56595916,0.79823965,1.8290424,0.32878444,-0.87751025,0.5201523,1.4818349,-3.0749056,1.0081849,-1.6546016,-0.6398331,-0.15595442,-0.022579907,1.633787,3.424525,1.2820741,-2.2937052,0.13282469,0.8325888,0.289166,-1.2577786,0.07200444,-2.02209,2.4708061,2.374103,-2.8989532,-1.5026582,-0.40079176,2.2999184,1.1186877,-0.22579736,0.15185383,0.17898755,-0.52697724,0.33938494,0.32753927,2.8126602,0.8782625,0.21346301,-1.8876367,0.19785729,1.2040052,1.2225761,1.2586932,2.7642543,-1.8401148
0.33632877,0.6943582,0.83143395,0.9309283,0.46906245,-0.45872906,0.29853553,0.5146886,-0.7639738,-0.039748386,1.829688,0.016719893,0.34335908,0.24740613,1.6263088,-0.53025526,0.18749726,-0.92452157,-0.5973985,-0.24273622,-1.0017768,0.2827598,-0.05996056,0.47945264,-0.25468722,-1.7205539,0.8462409,0.84368545,-1.3448498,0.09965237,-0.6829036,1.4051719,2.375795,-0.5046415,1.0383731,-0.485005,-0.39038432,0.15512624,-0.703287,0.49636725,-1.7790349,1.6561003,0.2197402,0.7110687,0.43420148,-0.46990702,-0.3906136,1.5714961,-1.3149835,-0.56061524,1.0819583,-0.30149508,0.8617838,0.04016217,0.14395489,-0.42457932,1.4364109,0.5843958,0.026455238,-0.43931055,-0.512507,-0.86593246,-0.45851493,0.23152928
0.9543461,-1.1328876,0.83382666,-0.28570983,-2.1578388,-2.225987,-1.1186404,0.43921944,-1.2870195,-0.69742,1.386787,1.7532352,-0.08314318,0.23293799,-0.12077232,-1.1579226,1.9906794,0.9561035,-1.8048546,-1.353439,1.8904321,1.7894762,0.18944609,2.581641,-0.49390662,0.30847487,0.58351123,-0.7426327,0.47073588,0.23474377,0.01773331,1.5587363,0.846537,0.9396189,1.6505436,-1.0888503,0.41028044,-0.6189918,-0.6574307,-0.72373044,-2.675576,3.4334123,-0.530663,-1.703698,-1.6779962,-0.2781759,-1.3129232,0.33169347,-0.47500938,-1.4090387,2.7455947,0.38606173,-2.5421388,-1.3281641,-0.18975835,-0.044534314,-0.21583222,-0.38843855,0.77951384,2.4526207,0.4743211,-1.2174472,-0.56331295,-0.5782414
1.5535802,-0.7560022,0.7500432,2.8219912,-0.7645983,1.4238605,0.73598486,-1.2772528,-3.7081292,0.6447821,0.99165004,0.28320807,1.9459212,1.6386924,-0.07749707,-0.57776344,-2.8608341,-0.73155695,-2.1575615,-1.4633447,1.7285318,-2.0752,0.20625092,0.8934316,3.1488636,-2.0361571,1.8048494,-1.8526745,0.009399609,-0.46767974,-0.70928705,1.052934,1.5429394,1.1145499,0.18654607,-0.48151335,-0.73768055,-1.5675504,-1.3351572,0.41773102,-0.9265675,1.603127,-0.011906398,-1.1633766,0.11015586,-3.605536,-1.0824114,1.4542334,1.1612912,-2.805031,0.31200135,1.08908,-1.2761111,1.2970955,1.987952,-0.50479066,-2.2530186,0.90712893,0.9623267,0.5296036,0.12934485,-0.47689825,-1.1953242,-0.35317802
-1.235025,0.35813132,2.1049895,1.7463936,1.3278381,-1.1753092,0.27774367,1.6411011,-1.159484,1.3499173,0.4022583,2.0514605,-1.1106144,-0.62606573,-0.19311625,-0.96412826,0.31528512,0.1181567,-2.355559,-2.1137414,1.1578894,-0.6936176,1.0474428,-0.3870895,-0.46997052,-0.87719005,-1.0421252,-1.2353178,-0.65442926,-0.551561,0.9610378,1.3362181,2.7332666,-0.6252336,-0.0684422,-1.7046646,0.113886036,-2.1150122,0.3184318,-0.90624416,-2.3756413,-0.69760007,1.1879773,0.8537668,-2.102318,-1.480717,-2.5119655,0.5729748,0.8619862,0.29343244,-0.3970564,-1.0982094,0.93889594,0.38203037,-0.50041217,-0.68997395,-1.0401059,2.4117208,2.6775925,-0.013249169,-1.0591031,-1.526689,2.2997975,0.5754887
0.08899838,0.095751084,-0.13320437,0.4149314,-0.42405984,-0.17752317,-0.32533014,0.2691773,-0.38861537,0.042357195,0.033401612,0.19172707,-0.022947976,-0.6619163,0.15395494,-0.26143494,0.009671194,-0.013719435,-0.40351254,-0.10169381,0.7742465,0.07660758,-0.14146982,-0.023766518,0.06617876,-0.031190243,-0.16852738,0.011866599,0.1494761,0.5210093,0.027136132,-0.25543392,-0.07746277,0.09558979,0.01627862,-0.11627998,-0.1615874,-0.17641646,0.21946575,0.199128,0.19922762,0.41651684,0.122395106,-0.059395187,0.0027503932,0.029175721,-0.3108518,0.39623138,0.44700983,-0.1928041,0.0060098493,0.027087962,0.43294975,0.19974267,-0.08042808,-0.3620146,-0.17517723,-0.4540236,0.07065579,-0.2792609,-0.24823695,0.034006868,-0.08200288,0.017456608
-0.59908855,0.2239434,0.5775448,1.6160042,-0.45474374,-0.6950995,-0.8083677,-0.5921448,-0.2737015,0.70516765,1.015895,1.9607158,-0.32719696,0.14522457,-2.4267912,-0.015221609,-0.17909746,-0.85517263,-0.022595676,-0.47185305,0.6515205,0.3045801,0.28498617,-0.42756405,-0.3752436,-1.6544206,2.518697,0.7047051,1.0507847,0.17304692,0.2961619,-0.5740289,2.3965752,-0.5606778,-0.39514187,-0.34496814,0.11562684,0.5555479,0.666911,0.10059768,1.1464018,1.686281,0.94859844,-1.3706511,-0.58506244,-1.7078604,-1.700792,-0.4155363,-0.54912305,-0.7260933,0.32702333,-0.9316508,-0.01715762,1.2511092,-0.4658804,-1.6174079,-0.6241673,-1.4701972,-0.621515,0.4047958,0.88902706,-1.2643317,0.15197994,-0.2555576
0.31015798,-0.03816426,-0.13944292,-0.0010024074,0.4133359,-0.101084225,0.033264052,-0.62625,-0.13132624,-0.26670533,0.4355132,-0.23043364,-0.024210593,-0.077075064,0.08776087,-0.55050576,0.39225796,-0.22185822,-0.37939978,-0.09020595,0.03095963,0.22764996,0.0020629298,0.16420458,0.10491926,-0.037848365,0.19148342,-0.38445958,0.10807638,0.004407359,-0.12730692,-0.043956358,0.36393228,0.1981659,-0.23361307,0.62628776,0.04605688,-0.17347598,0.05691015,0.06778233,-0.23791812,0.23363128,0.28562266,0.19429722,-0.4138739,-0.43983194,-0.05875907,-0.102831274,-0.408654,0.11053153,-0.0764186,-0.04749913,-0.20443569,0.20741808,-0.049213927,-0.110994406,-0.019317955,0.11682992,0.48956585,0.046836615,-0.09442678,0.24763173,0.14760739,0.10426072
0.12676108,1.7115757,2.447796,0.8749898,0.06577983,-0.80622685,-1.5815877,0.79557914,-2.3445249,0.9200472,0.4959551,0.46690422,0.123006426,0.325368,-1.5228816,-1.0948917,0.6161137,-1.9060093,-1.6474134,-1.1416413,1.0725546,-0.2585,-0.27443743,-1.0580176,0.4399962,-0.75288075,2.7065926,0.48961458,0.035249777,1.4334228,1.0181155,2.0851269,0.5419386,0.03982085,0.12845245,0.9160632,0.46325266,-2.0658123,0.041458488,-2.1782248,0.17345907,0.53111494,1.5600712,-1.405298,-0.14431168,0.58605313,0.33805665,0.43457377,-0.41719726,-1.0203577,0.6453113,-0.6957947,-0.2891593,-0.014586868,-0.3041123,0.35319078,0.6868587,0.32702294,0.09656394,0.5403371,-0.26414394,0.98099416,1.3537109,0.9272491
4.5131435,2.9979982,4.1314807,2.1927376,-1.3657686,-1.5187404,-1.02917,-1.452092,-2.195565,0.7940001,1.9326545,3.4913914,0.6809054,1.476505,1.3825835,2.6578395,0.9370229,-3.1499786,-4.236261,-2.777963,2.8542051,-1.1293116,4.2042465,2.0776033,1.5795759,-1.085677,2.5760553,-1.0929213,0.4133184,-0.95921844,-0.09691571,-0.030718992,2.6627238,-0.7665145,-1.7511581,-1.7309388,-0.59326375,1.2378508,-0.20855455,0.130623,-0.3481083,2.5434124,0.9856256,-0.9096857,0.90063566,0.32682943,2.4245617,-0.7767543,1.1141362,-0.054053273,1.5260637,-4.529658,0.035416942,-0.13322021,-0.086806856,0.35257715,-1.200507,-2.427164,2.9405568,-0.9913524,1.7427113,0.14065455,2.3308778,-1.4502307
1.3056418,0.97225213,2.6232922,0.5611491,0.0922603,-0.029307663,-1.4725734,-1.2687963,-0.8720166,-0.9641524,-0.19262357,1.4608934,-0.020666083,1.5531064,-0.23960805,0.008349508,1.3735884,0.15891413,-2.0047166,0.045651652,2.5549912,-2.3558114,0.84294844,0.5584098,-1.0065407,-1.1660455,0.30920205,-0.6984405,-0.7083048,-0.2935887,-2.203327,1.8195266,1.2992696,0.101497546,-1.1062502,-2.1090183,0.39403093,-0.08453372,-0.6172246,-1.3427454,0.61450857,1.2249045,-1.3948964,0.27621996,-0.921772,0.3285615,0.035900638,3.0954595,-1.6764623,0.13800849,2.3103733,0.41703913,-1.7029442,3.5102239,0.33361107,-2.7392352,-0.8945436,-1.2358764,-0.08762614,1.1547972,0.86183983,0.17458622,1.0771302,1.2464513
1.335295,-0.23218983,1.1832758,0.3051557,-1.491489,-1.3418355,-1.3119853,-0.21232855,-0.43792,0.26351038,-0.5298484,0.16015875,-0.264065,-1.0236247,-0.90229845,0.81264573,1.6610703,1.0415461,-0.8048955,-1.2162516,0.6525359,-0.62774193,-0.97315466,1.0967506,1.4140092,-2.144638,0.031966873,0.5215909,-0.2075074,-0.06818638,-0.64013606,1.4211638,1.3096651,0.27886495,0.033580843,-0.5832934,-1.0321578,0.1873292,-0.29544678,-0.4685209,0.02108072,-0.15622273,1.4974731,-0.36114356,1.434961,-1.1789274,-0.08269257,1.375671,-0.23286062,-0.99477637,1.3043383,-0.49209166,0.3346984,0.17918287,-0.8774906,-1.448099,0.012554689,0.09408443,-0.2509268,0.87632626,-0.5010311,-0.22078602,0.911466,-1.0939054
0.6256072,0.003198984,-0.48460728,0.98086685,-0.5872992,-0.8207917,0.16943617,-0.1294237,-0.17029612,-0.32759038,-0.6069511,-0.35305595,-0.539824,0.6426354,0.029412428,-0.36463353,0.5275222,-0.40380827,-0.33467925,-0.91982716,0.60539436,-0.32726923,0.3862832,-0.44752866,-0.38994732,-0.47834638,0.40273064,0.3225795,-0.42940894,0.4523696,0.23898076,0.53564227,0.61051226,0.17803448,-0.5149869,-0.14882764,0.077200666,-0.02687453,-0.4416539,-0.2468655,-0.24029373,0.1577754,0.0027219164,-0.4587524,0.623889,-0.6908496,-0.2609834,0.63196546,0.17859992,0.07757573,0.25917992,-0.27534804,-0.5386831,0.3593971,-0.25063246,0.3516285,-0.1591721,-0.13478361,-0.6068821,1.1522677,-0.39142388,-0.6059401,1.0685365,-0.12724
-0.49635,0.75194556,-0.47458276,0.6666723,-0.8839019,0.5856989,0.8018623,0.8941667,0.26917028,-0.061763354,0.76117533,0.313196,0.24906547,-1.0906554,0.34930646,0.48356682,0.47998527,0.5040829,-0.8285455,-0.6653251,1.3395131,0.22184801,0.46402058,1.1017972,-0.7288846,-0.124367945,0.5176631,0.02620439,-0.082320936,-0.26242504,-0.6253248,0.833659,-0.44460285,0.71965724,-0.3211094,-0.584377,0.13584964,-0.22515027,0.4582012,0.045537498,-0.47380638,-0.4614528,0.38448453,-0.55820036,0.51196533,-0.8066866,-1.043651,-0.37821615,0.8531729,-0.80249226,0.8070048,0.18004313,-0.29942343,0.78108037,1.2700263,0.70178306,0.68362814,-0.09831757,0.24758686,0.4659526,-0.12190218,-0.08025884,0.3393859,-0.3289218
0.2968235,0.70373625,-0.010412697,0.17699133,-1.8858569,2.3247337,-1.2361476,0.08947181,-1.66815,0.70018923,-0.006195777,0.44623733,-0.19263446,1.1605791,1.9755487,1.0603176,0.14863625,-0.5607033,-0.0048668045,-1.6866583,2.1336083,2.333619,-0.67720884,0.3477083,-0.9867618,-1.3830516,1.3915756,-0.918513,-0.13416694,-1.4699984,-0.17180209,0.8940912,-0.023828698,0.21450874,0.93337035,-1.813295,-0.9930146,-1.321796,1.6478751,1.8638511,-0.7201636,0.2587778,0.837178,0.9037803,-1.0518868,-1.2983284,-0.7168173,-0.1927019,-1.5579805,-1.1644694,3.0398052,-0.4658657,-1.5311496,0.20082748,1.0034679,-0.8164838,0.44269225,-0.34854603,-0.29777655,-0.329824,-1.8514292,-0.8126297,0.35332912,-0.31087095
1.424295,2.2086177,3.6290784,-0.65160364,-0.62073034,-0.7298459,-0.86948556,-0.5830134,-0.3069736,-0.9203144,1.0385506,-0.21196537,-1.5399433,0.8432722,2.7539186,1.7909604,0.49617139,0.42597523,-0.9807033,-0.17976472,1.0198028,0.42005715,2.6878967,1.9732542,-0.060863294,-1.4085982,1.3324745,-2.1477873,2.722653,1.8973712,2.0608795,5.604305,2.1801188,0.013639243,-2.537363,-1.8810804,-2.1664438,-0.6931324,-0.2575473,-1.2502441,1.2210658,2.8977106,1.5600171,-3.201155,-0.48491305,-2.6002429,0.97904456,1.0779907,-1.0316578,-1.6978948,-1.1917708,-0.063513555,1.5537509,0.8013288,1.8059106,-1.8065612,-1.4226663,0.5634908,1.1541374,0.44679844,-2.7502625,-3.4608817,0.67261463,1.7057256
0.55481505,0.28965232,-0.074495375,1.1574646,-0.49244583,-0.96428645,-0.17933205,0.2988035,-0.6260039,0.015834529,1.010845,-0.11409938,-0.82611793,0.32537737,0.56221694,-0.8220863,0.681321,0.0401786,-0.6707914,-0.25974682,0.3054061,-0.827735,-0.16453385,-0.45511347,0.29257694,-0.87957984,0.75355786,0.22533496,0.40977272,0.5872487,0.36438546,-0.2762775,1.1264411,0.13996072,0.55833006,-1.663633,-0.038284093,-0.4161983,0.38384256,0.056007072,-0.82002884,1.3317297,0.70735514,-1.2855124,-0.15372556,-0.3822155,0.020603359,0.94698775,-0.67610306,-0.07071052,-0.057099756,-1.0304416,-0.40497595,0.8911304,0.19708969,-1.0425469,0.13293877,0.23841327,-1.197591,1.1518818,0.013446024,0.29860932,1.1288818,0.20502476
0.07663915,-0.26217338,0.6008163,0.20922893,0.47367778,-0.4304782,-0.4485628,0.9216874,-0.7975514,0.21727341,0.1596007,-0.33068648,-0.062163167,0.46713045,-0.17675929,-0.9920456,0.22090162,-0.030298604,-0.42593768,-0.01600837,0.3262289,-0.44848084,-0.3863775,-0.19330727,0.05606841,0.4769611,0.26868945,-0.49590528,0.5924944,0.5421495,0.55333924,0.12945077,0.16223629,0.21436737,0.19980417,-0.597757,0.10000932,0.6801613,-0.062484186,-0.072256304,-0.44890907,0.56771564,0.9825448,-0.08995373,0.19116578,-0.22407372,-0.36494762,0.06741608,0.36012173,-0.18965329,0.23137285,-0.57161206,0.21160269,0.013817195,-0.06135328,-0.97120535,0.03695388,-0.51162827,-0.2299109,0.3804789,0.13010566,0.037620917,0.2824929,-0.6123854
-0.29440197,-0.37825394,-0.07152925,-0.10031222,0.30421114,-0.12537795,-0.0869094,0.3255616,0.35764015,0.11826242,0.044134684,0.19998603,-0.41984957,0.42543676,0.0007280175,-0.32046247,0.46884453,-0.30162784,-0.4474947,0.6266443,-0.36510223,-0.14597559,0.6127176,-0.08069952,1.0692714,-0.5198351,0.61199045,-0.28059158,0.29992944,0.026475223,0.4775356,-0.39090565,-0.0025704913,-0.17834097,-0.3788347,-0.6015576,-0.43175855,-0.084796414,-0.20322944,-0.13373312,-0.059518915,-0.103541866,0.17612512,-0.593323,-0.018843802,0.45612893,-0.35619965,0.0050177625,-0.09839894,-0.7495791,0.7835915,-0.45241645,-0.2723345,0.29581162,0.19526257,-0.60098076,-0.3441276,0.3215212,-0.22417629,-0.052062787,0.45471942,-0.27001065,0.45006078,-0.28033048
2.5589917,0.12810916,1.2435086,0.30787298,3.4247656,-2.6746273,0.30859977,1.262754,-0.0532524,-1.4093057,2.8627932,-0.8576456,-2.9441006,1.2010337,-2.2539701,2.1860914,-3.6850953,-1.0767285,-0.3953488,-0.51651025,4.7985353,0.039918404,-0.42288285,1.6685194,1.415836,-2.7852433,1.8710328,-0.27800825,-1.2972167,-1.9855044,0.079202466,1.8710713,1.1386809,1.1519598,0.6278396,-2.0784688,-1.8169043,-1.5033664,-0.53870666,-2.758451,-0.97758174,3.27375,1.3317934,-0.96128404,0.28456852,0.76835555,0.0010554472,-0.33034563,-1.9316837,-0.25829157,1.9049611,-0.4165439,0.7896043,0.5453666,-0.15733321,-0.98892814,-0.5868237,-1.7408725,2.0885105,1.2973584,-1.1837151,0.6728497,3.809399,-1.3014592
-0.08446005,0.43313435,2.8077292,1.4556763,0.8195133,-1.056851,-0.5191222,0.09975654,-0.099183634,-0.90603274,0.13953337,0.9562882,-1.0387005,0.45603102,-0.12698488,0.6451517,0.73750216,0.5407215,-1.6202122,-0.46449083,0.45379215,-0.26302877,0.0871255,-0.63306576,0.71614814,-0.742896,0.8030888,-0.21807677,0.19661863,-0.27813846,2.305211,-0.24681559,0.9514841,0.2894549,1.135672,-0.2394106,-0.2293757,-0.16463894,0.2968415,0.97056335,-0.13264589,0.4185176,0.2420847,-1.2151239,0.45421675,-0.6412701,-0.05691062,-0.005544394,-0.09086536,0.19562031,0.7679376,0.55211353,0.05376305,1.0358611,0.2655683,-1.5785619,1.08877,0.17848748,-0.46625924,1.4165741,-0.53522533,0.58198744,-0.1186744,-0.8674161
0.46578833,0.21490735,0.03813537,0.5908985,0.35721415,1.3002666,-0.2966519,0.9300459,0.23168126,0.03255539,0.42790896,-0.18440938,-0.79879653,-0.15567128,-0.15097685,-0.2902045,0.232655,0.5974533,-0.37086058,-0.6755475,0.14919698,-0.092467576,0.42539898,0.45596656,0.073792905,-0.06777321,0.85662735,0.2973905,0.93961734,0.1920157,-0.37695622,1.049191,1.0863075,0.21697204,0.14071065,8.52534e-06,0.49241337,0.42574555,-0.19609524,-0.61152613,0.29325822,0.8152835,-0.5168303,0.23154041,-0.79208654,-0.6379973,-0.11287789,-0.032227702,-0.051957157,-0.5898386,0.502117,0.2123892,0.7740983,-0.021785544,-1.0672555,0.12843621,-0.38961753,0.050278943,-0.59681135,-0.39043826,0.9046745,0.5364954,0.2924521,0.0068152184
0.3025442,1.364169,-0.96418214,1.7158215,0.94307184,0.7431633,-2.4593997,-1.4984564,-0.27790046,1.6405025,0.3619848,0.3215123,-0.53012764,1.7007277,-1.6959195,-1.2768492,0.5314957,0.42537224,-3.2272968,0.79683065,-0.18342517,2.0980432,-1.0259515,0.6257075,-0.11235028,-0.55450445,-1.1015534,-0.24456853,0.19363822,-0.9396935,0.11719262,1.2996255,0.113953225,-0.48506427,-0.13109407,-2.1051807,-2.703265,0.28464037,-0.300421,1.5291898,0.64259887,2.1893663,0.090854354,0.19186778,-1.2607409,-0.32875445,-0.04539869,1.2102466,0.7797858,-1.8840352,0.862068,-1.0046057,0.9541579,0.24221015,0.543815,1.2715868,1.6017293,0.025403302,0.80353314,1.329341,-0.59543383,-1.2094424,0.6369356,-0.37890697
-0.03947093,-0.09399815,-0.5478093,-0.07980506,0.06762066,0.052751746,-0.19474082,-0.08995549,0.087986685,-0.052507408,0.122979544,0.36688116,-0.2553615,-0.32255426,0.16077062,-0.097733185,-0.13556425,-0.3173559,-0.7415057,0.10044273,0.5006008,-0.099879816,0.13340902,-0.13299759,0.38852656,-0.17007798,-0.20957053,-0.26224366,0.050994266,-0.05009292,0.24116108,0.14780858,-0.25589746,-0.15857098,0.2790662,0.21308038,-0.39628696,0.20139977,-0.3245321,-0.23903823,0.0090636825,0.14428149,-0.21727462,0.049699556,-0.26384148,-0.17604843,0.037486557,0.024047345,-0.30761984,-0.06912996,-0.22349505,-0.28606132,0.20146956,-0.21967791,0.37490967,-0.4628842,0.12555441,-0.004343637,-0.237615,0.02226474,0.0036927157,-0.36074075,0.03412347,-0.25496274
1.4659681,0.7757215,-0.14182991,1.2284342,0.054373104,-0.22466698,-0.14422473,0.69694513,0.06411198,0.93192655,-0.23457149,-0.83233756,-1.0358565,0.21477911,0.24047622,0.5839579,0.28435266,0.09622699,-2.405452,0.013936312,0.73074293,-0.38804245,-0.7524347,0.26572743,-0.968511,-1.2000344,1.5864112,-0.2075096,0.24690998,0.024890238,-0.52619755,0.46086797,1.7780604,0.5950975,0.34270865,-0.93993384,0.05513575,-0.4514347,1.3896166,-0.56023955,0.11932266,0.8536818,0.9077541,-1.3027685,-0.15788166,-0.2863511,0.20384067,1.8257748,-0.41767538,1.2849427,0.52438414,-0.029331993,-1.0647205,-0.70304793,-0.3585288,-1.2625158,-0.66279346,0.5513263,0.09250133,0.8256129,1.4156673,-0.9362656,-0.15689476,-0.22551253
-0.7560029,0.84715956,-0.5736382,1.3474516,0.5688474,-1.2683737,-0.62601197,0.025745967,-0.2996639,0.85533476,-1.6322631,0.5787946,-0.123968825,1.3073655,0.70720655,0.44843996,0.681838,-1.2717158,-0.30283427,-1.7693417,0.18925491,-0.4871806,0.071493074,0.8477007,0.3931473,-0.509905,0.26144496,0.7448787,0.48026127,0.26563475,-0.5245248,0.24127074,1.9191732,1.5150259,0.38455024,-0.9173942,0.84831965,1.1351049,0.859087,-1.6703931,0.21809061,1.8235247,0.5236556,-0.72300255,0.053141147,-0.7974855,-0.2047357,0.21339157,-0.8416944,-1.7988551,0.11207666,0.18820298,-0.74929285,1.370931,-0.45413387,-0.61243266,0.8570768,0.0398687,1.2246162,-0.28615734,-0.4753219,0.050433233,0.2898697,-0.3311417
0.121620834,-0.13787849,0.16112189,0.9842851,-0.08705668,-0.05118906,-0.44341546,0.7913693,0.21231166,-0.37302735,-0.46680668,0.058009744,1.1518008,-0.28967184,0.3316139,0.13966593,-0.81733143,0.45771238,-0.25556156,-0.42756757,1.2281475,0.6178383,0.035794757,2.6986172,0.9525061,-1.372187,1.0498137,-0.12125395,1.7273808,-0.5466143,1.5621779,0.15447357,0.6972762,-0.19984812,0.86507034,-1.1518244,-0.2555443,-1.2674626,0.57305443,0.25483048,0.37658006,2.294524,1.1417936,0.35787827,-0.4819032,-1.2684034,0.42898414,1.118585,0.9869036,1.134712,0.43718153,-1.5043894,-1.3901986,1.3869107,-1.407885,-0.024821905,1.2553847,0.17911522,-1.328414,-0.122814566,1.0981188,-0.4699734,0.8237785,2.6897814
0.52864355,0.34529942,-0.23551185,0.29313433,0.13888386,0.05977479,-0.13807683,0.2701861,0.09152985,-0.14584933,0.59139925,0.39276832,-0.0025850139,0.64910877,0.2677254,-0.3976842,0.019451633,0.006092182,-0.069191284,0.20213163,0.17392428,0.26189697,0.23970397,0.1752118,0.08239269,0.12929985,0.42904288,0.18435402,0.0035876806,-0.107425235,-0.28591412,0.8626531,0.97186077,-0.55118215,0.382761,-0.06193397,-0.0035776938,0.012874786,-0.17734277,0.30916965,-0.20292003,0.24705565,0.53924716,-0.24634789,0.30957872,-0.30454242,0.25480497,0.47369984,0.12735105,0.17325085,0.04713205,-0.24449238,-0.39035445,0.67581683,-0.46556038,-0.76903194,0.4405591,0.71094424,0.18934114,0.3183184,-0.07020416,0.6722213,0.35214123,-0.37105003
0.3555346,1.2749957,-0.06137372,0.5322735,0.11644425,0.3332714,-0.7966644,0.23444717,0.4529409,0.50766116,0.6762481,0.81167203,0.35657763,-0.061004747,0.17551562,-0.94581985,0.90311927,0.38095093,-0.9118816,-1.0536184,0.15030684,0.42438275,0.34441534,1.2770966,1.1852673,-0.8630413,0.74942845,-0.32469076,0.0037109246,-0.11111786,0.20532024,-0.89850783,0.4636997,-0.24879044,0.7711278,-0.5625408,-0.39850497,-1.0886073,0.7066948,-0.3058523,0.020277714,0.95598006,0.100640416,-1.8075963,0.5537863,-0.02870165,-1.1260731,1.7547904,-2.0486276,-1.1392071,0.020965746,-0.92707235,-0.1280709,0.7376011,0.25981215,-0.5700645,-0.10042211,-0.1598073,-0.095317885,0.43817616,-0.63135713,-0.2792562,0.8275445,-0.095270924
0.908612,1.1957428,0.85391897,-0.7019956,0.2498585,0.012260237,-1.1126894,0.77187777,-1.5869073,-0.35262704,1.9132085,0.15560226,0.84218544,-0.33806065,-0.6616383,-0.5556611,0.28440735,-0.18022524,-0.39869902,-0.18058375,0.9724474,0.32778507,-0.07088665,0.49572647,0.667401,-2.2689145,0.24435239,-0.078546956,0.96181303,0.7245367,-1.1583891,0.42007953,0.43166196,0.5347322,0.7795629,-1.2130268,-0.26727226,1.223945,1.2806987,-0.0152595965,-0.38611612,-0.71639067,1.3343822,-0.5417282,0.6932125,-0.55400187,0.7946458,0.70783883,-0.54206395,-0.10284606,-1.2380029,-0.30055,-1.5235816,0.1551636,0.26429945,-1.0537728,1.553442,0.7820199,0.43939763,1.9458951,0.8463418,-1.1197027,1.9649118,0.24130225
0.14090712,0.6138061,-0.35484627,0.05267143,0.10139151,-0.04222854,-0.22906058,-0.27776435,-0.08568124,-0.3283993,-0.19470893,0.18543252,0.08053292,-0.4997428,-0.37751234,-0.054773454,0.023756191,-0.6206682,0.05541202,0.2340404,-0.11927803,0.083295606,0.47651717,-0.15601453,-0.022127207,-0.5470015,-0.121369235,0.15237923,0.5075625,0.15559512,0.19723192,0.21860729,0.30424914,0.05678551,0.18526438,-0.46278995,-0.15791,0.23313834,0.034077074,-0.28282505,-0.6933596,0.044169944,0.32083818,0.4440524,-0.19222192,0.2873848,0.3452533,-0.19976714,0.029542217,-0.059338756,-0.08406148,-0.029362243,-0.3003718,0.2506982,0.10860201,0.11244334,-0.12847517,-0.48287824,0.046653286,-0.106348164,-0.19863534,-0.181477,-0.7151611,-0.0024487001
0.12053724,-0.13358212,0.0679595,0.22661175,0.63771665,0.27582398,-0.60362184,0.23025051,-0.17585614,-0.6358045,0.20640545,-0.578174,0.014999202,-0.2568725,-0.73737186,0.9810794,0.26740414,-0.8127582,0.09127723,-0.57457125,-0.74494207,0.43731073,0.60262746,-0.3327981,-0.5909404,0.06439106,-0.36577713,-0.24969,0.6640552,-0.15238643,0.89957243,-0.11556362,-0.11002158,1.3446546,-0.79210186,-0.87290645,0.054711774,-0.31280658,0.083766684,-0.83378005,-0.78931844,0.22071953,0.32741627,-0.3438445,0.12555926,-0.59795034,-0.011045938,1.0287843,0.18731529,-0.22495894,-0.07977663,-1.0207771,-0.010413288,0.04061948,-0.020520253,-0.5318189,0.31399235,-0.71305686,-0.068730064,0.22097483,0.043310903,0.61082524,-0.676163,-0.73460823
0.84509355,-0.010767566,1.9361576,0.6785894,-0.15201233,1.2483134,-1.2936203,1.1658512,-0.36453527,1.8754743,2.0160663,-0.60665125,0.93791246,-1.2860409,0.650766,0.6998533,0.39992967,-1.5538546,-2.0184367,-0.93794996,2.317259,0.984464,0.18317755,-1.2762107,1.907606,0.2543528,0.39533314,-0.13709137,-0.564829,-2.8668199,-0.15163817,1.2847373,2.1622279,0.48275384,-0.91312534,-0.5579044,-1.1889952,1.6387879,1.2000636,-1.1644622,-0.34823105,2.2609491,0.8457351,0.26640293,0.8040891,-0.32701862,-1.097476,0.41166896,-0.48354623,-0.94560474,1.3593957,0.5455101,-1.3018173,-1.0112922,-0.938384,0.1911418,0.1712947,0.05252267,-1.2926722,2.4118178,-2.0036983,0.18083906,-0.47014067,1.9157252
0.26793456,1.3100024,-1.0259372,0.044991076,0.06330894,0.25709593,-0.2099341,-0.009175474,0.580885,-0.10600025,-0.010305555,1.1713502,0.7201389,1.3353368,-0.63632125,1.3498722,1.1766626,-1.4384242,-1.6257386,-1.2212152,1.4854225,1.5913333,-1.6564641,0.61715126,1.011804,0.30348954,0.016850902,-0.33114308,0.9634821,0.14425655,-0.65188175,1.2471758,0.5346195,-0.57392424,-0.23090659,-1.1523272,-1.0513705,-0.9899614,0.30486903,0.8854605,-0.7131371,-0.099876896,-0.31892815,1.446355,-0.21344456,0.7430292,-1.6569446,0.37363535,-0.49438635,-0.30738842,-1.2535859,0.19131716,2.0027673,0.2747848,1.010488,0.56855476,-0.48310968,0.14780681,-1.5311619,1.6975431,0.40581432,-0.65366215,-0.5945519,0.099374875
-0.16876091,0.23560524,-0.01933499,-0.17253943,0.029944768,0.08648396,0.37346205,-0.017531248,0.114602275,0.20330939,0.037263017,0.11627528,-0.004874913,-0.20391037,0.36711124,0.14240126,-0.24336255,-0.36829892,-0.32043135,-0.1909519,0.070593454,-0.35017875,0.022864653,-0.0005958366,-0.07662246,-0.1343307,0.12144867,-0.41494694,-0.15698256,-0.06947816,0.04437283,-0.034916133,-0.19100752,-0.0057334458,0.18611586,0.070700325,-0.07731121,0.20742898,-0.33079368,-0.13501473,0.05167634,0.1284706,-0.2818053,0.031668406,-0.23181236,-0.26185694,-0.39709765,0.32154697,-0.35056657,0.08745457,0.2792527,0.05538048,0.29179943,-0.282839,-0.025857942,-0.18964754,0.727796,-0.1875268,0.1616614,0.38615856,-0.017521113,-0.25458953,-0.19319113,0.09460079
0.047251727,-0.17003547,0.9334768,0.7301645,0.1536552,-0.89771014,-2.3307073,-0.42744958,0.940295,0.81245947,0.86381036,0.96896625,1.4490309,1.0007256,0.3499507,-0.16845737,-0.5205921,0.12655756,-0.09300371,-1.4472134,1.0094893,-0.90394074,0.06648123,0.11286541,-0.3980195,-0.59441483,1.8958853,-0.2964375,-0.07295552,1.2965229,0.2917084,1.5642651,2.2987092,0.60597306,0.6007499,-1.3207982,-1.2307858,0.43267104,0.5154906,-0.76295936,-0.3653141,-0.13196789,1.1116538,0.94655854,1.2310592,-1.3402771,-0.35813504,2.0099761,0.5896297,-0.30252746,1.2302921,0.65832216,0.33338514,-2.3332522,-0.58158207,-1.798935,-0.14409739,-1.6768188,1.2696671,1.506533,0.039172877,0.54793453,1.6970903,0.20798762
0.7597329,0.54074466,0.39877737,-0.8087942,-0.029339174,-0.11205028,0.37073323,0.21189526,-0.35625094,1.1178854,-0.23054183,-0.38789284,-0.022212746,-0.12034447,-0.29859,-0.87381405,0.27748403,-0.08969831,-0.023973765,-0.15375258,0.90358233,-0.04362671,0.014400919,-0.08571948,-0.5000236,-0.327579,0.77751964,-0.15398239,0.041950207,0.53718126,0.19850112,0.23473126,0.4027395,-0.003148017,0.2978094,0.41974097,0.44866386,0.08968391,-0.27938363,0.4792218,-0.0121882465,1.0332625,0.2622417,0.19435759,0.8255186,0.21662411,-0.42600775,0.9999459,0.8445998,-0.4234304,-0.27114978,-0.7601549,0.24653059,0.8309685,0.1654891,-0.9700052,-0.45105278,0.013981452,0.7345733,0.61254525,-0.2728148,-0.24666153,0.52852094,-0.04855343
-0.07606712,-0.018564438,-0.06935998,-0.05202746,0.14810039,0.14720605,0.09998354,-0.15796767,0.25554532,0.19386633,-0.05797646,-0.015341796,-0.11789962,-0.2924779,0.28232405,-0.10724442,-0.14090471,-0.4524889,-0.1540865,-0.14762512,0.29500967,-0.22596717,-0.06616726,-0.23765965,-0.09130762,-0.1564768,-0.023373252,-0.33703256,0.073842525,-0.13662857,0.012932702,0.14041933,-0.22669657,-0.45417157,0.24132699,-0.002312926,-0.19204019,0.067997895,-0.3691906,-0.06719858,0.07686285,0.2662515,-0.18571876,-0.18958707,0.062666796,-0.11308674,-0.17768228,0.34290645,-0.35640162,0.0171328,-0.008323218,-0.064166635,0.015712433,-0.32337335,-0.05904446,0.11903599,0.5498961,0.013109745,-0.03686491,0.052325927,0.17640665,-0.34608436,-0.21702257,-0.28314912
0.15417394,0.46205294,-0.17805952,-0.8194048,0.03574389,0.13285206,-1.0745375,0.38610232,-1.3855057,0.1776312,1.026674,0.1251755,-0.12657431,1.0280603,0.97504854,-0.80961746,1.2846359,0.3214557,0.77246195,-0.43510908,1.4619844,-1.0496763,-0.106271796,0.15650092,0.41745606,-2.1997743,-0.05548738,0.43282464,-0.7897558,-0.339395,1.2168255,0.8893206,1.1940309,-0.6443189,1.2898341,-1.4973898,-0.3928724,0.20543288,1.3380928,-1.3518014,0.86818904,-0.23019747,0.6663399,-0.6663401,-0.166035,-0.38562307,-0.10548652,1.1502738,0.50789624,0.43927956,0.8561872,-0.15539102,1.0038452,0.87918746,-0.23634647,0.6100604,-1.6754721,0.08254221,1.2599728,1.8998533,0.30554855,0.41070428,-1.1929911,-0.7960394
-0.0603875,0.37110925,-0.06470344,0.44384563,-0.27722335,0.07441128,0.16844802,-0.27025384,0.03660219,0.0552708,0.019449836,-0.03379856,0.0968249,0.17597525,0.10552174,-0.09254226,-0.14792274,0.19973384,-0.018231764,0.13908206,0.0014572478,0.3593669,0.12676793,0.19567819,0.16163726,-0.13909781,-0.09964502,0.19702584,-0.015171997,-0.09895278,0.000810143,0.32854313,0.26715633,-0.30017546,0.115992054,-0.20501506,0.2799628,-0.027089817,0.0072224364,-0.171405,-0.11066713,0.006310672,0.00015829343,0.0056276456,0.019510722,-0.15363431,-0.1731815,0.015004299,-0.060113367,-0.114739515,-0.051465455,0.0034898296,-0.11226078,0.012427804,-0.2983665,-0.16757758,0.10342691,-0.12812747,-0.26064414,0.23744601,-0.06629095,0.42502356,0.25991276,-0.2426614
-0.13424668,0.20794536,0.12639566,0.7303399,-0.6225617,0.31921092,-0.057799604,-0.40930772,-0.17878221,0.07303787,-0.20296238,-0.33558008,-0.16534932,-0.23854192,0.5512363,-0.3150152,-0.43468297,-0.22189534,0.025357515,0.2777805,0.5636498,0.71082586,0.36420348,0.43153483,0.2268063,-0.59820545,-0.0805926,0.37396783,-0.24912706,-0.09750492,-0.18038449,0.41745862,0.7001643,-0.06918225,0.17635944,-0.7820429,0.23798995,-0.21171153,0.10577302,0.00090959243,0.021689571,0.04197001,0.08055935,0.093849726,0.3596944,0.097275525,-0.5632875,-0.37850815,0.13334052,-0.2317453,-0.00096171506,-0.2279707,-0.3511812,0.1389964,-0.4307225,-0.052473735,0.15330835,-0.32246664,-0.02416708,0.75410175,-0.08163327,0.21640731,-0.18320477,-0.11015937
1.1525977,-0.3119628,0.21268126,1.2067747,0.14514403,-1.3212007,-0.51810926,0.10376859,-0.667271,0.5475897,1.1350557,-0.133694,0.43873838,0.83458203,0.66246617,-0.11593238,0.27925152,-0.36586535,-1.0600735,-0.16320372,0.7728199,0.96836376,-0.5319445,0.3480282,-0.34867197,-0.7001841,0.5441209,1.3636087,0.4714618,0.32625142,-0.7727956,0.8344381,0.652688,-0.7259133,0.6505584,0.30397552,0.4746744,0.06880188,0.9394068,-0.7488755,-0.08187824,0.384539,1.2512875,-0.55057406,1.0819076,-1.6951685,0.17090322,1.9827654,-0.35633138,1.3186231,0.5415183,-0.86677784,0.12003767,0.53648275,0.15063623,-0.6574594,-0.22912438,0.16119222,0.011455554,0.6267847,-0.3868516,0.12561615,0.275356,0.033797067
-0.1499475,0.9334544,0.10457902,0.18977539,-0.82677436,-0.3942001,0.44892177,0.18848114,-0.7261726,0.79804265,-0.01841018,0.052058958,0.40579322,-0.4028094,0.91454524,0.26596606,-0.72821313,0.44211125,-0.8451008,0.465423,0.34852466,0.8168078,0.21448798,1.0828824,-0.14876296,-0.6379183,0.52461815,-0.16424611,-0.5078187,-0.19121908,0.106843,0.07051143,0.47931993,0.2393262,-0.3081339,-0.69596964,0.16921623,-0.21272705,0.16244923,-0.38956118,0.36596218,0.62746835,-0.59319675,0.19984855,-0.100662425,-0.2904945,-0.5011253,0.21160248,0.08364169,0.33854502,-0.0021756769,-0.42199582,-0.14559369,0.5428215,-0.23192,-0.3231752,0.27036124,-0.2000502,-0.10160508,0.96425503,-0.5209541,0.1303445,0.1783234,0.076292045
-0.1554421,0.96117675,2.1177685,0.70938367,-1.5400267,0.2365076,-1.5396045,1.2117461,0.6573449,-0.31144887,-0.14356163,-1.6215063,-0.3202985,0.1529238,1.0817577,-1.3590033,-1.1388634,-0.8541741,-1.5753311,-2.2045505,-0.27936935,1.6459608,-0.57144785,-0.075630374,0.13192809,-1.4761646,1.0063272,0.19755946,0.61494184,-0.8715439,-1.7370342,-1.1808097,0.08337519,-0.16496888,0.046997797,0.4618593,-3.4506567,-0.086769834,0.042121552,-1.2183306,-1.7527392,1.4928068,0.13732739,-0.2475878,-0.18403862,-0.9235623,-0.43653134,-0.16871923,0.48111513,1.1674032,0.4104691,0.20992932,0.6324798,2.0421698,-0.079234265,-0.6498879,-1.2506276,-0.30506495,0.31828147,1.1795843,1.4301835,-0.9626016,-0.3029893,-0.07462667
-0.17111254,-0.25941318,-0.21747608,0.054621544,0.1993496,-0.28153956,-0.32874966,0.1301131,-0.41052172,0.040676765,0.063630044,0.090109035,0.18318333,-0.07552665,0.0829346,-0.18380503,-0.035624128,0.12150328,-0.19216667,-0.11052293,0.27095765,0.45709258,0.14074804,0.2823571,0.057032883,-0.09448805,-0.1252697,0.048099205,0.014289654,-0.070335925,-0.23322499,-0.23876931,0.028084895,-0.1513178,-0.55063653,0.04836425,-0.5112978,0.03128676,0.50121045,0.050630998,0.1869288,-0.10961739,-0.21616094,-0.4096286,0.24000463,-0.051733688,0.060779445,0.49914214,-0.06731725,-0.21609461,0.2579387,0.18827774,0.24375416,-0.03966294,-0.10123233,-0.11915738,-0.030298391,0.13422155,-0.17598526,-0.42702067,-0.03447231,-0.025494108,-0.11036238,-0.042457912
-0.12885897,-0.34888524,0.306289,0.058027975,0.19007035,-0.18246788,0.006255377,-0.30542397,-0.0016349019,-0.047993403,-0.04411643,0.019263256,-0.31917503,-0.062489428,0.060483396,-0.010684937,0.41072166,-0.10329903,0.18890396,0.22515681,0.14101496,0.20324734,0.3491549,-0.036064956,0.4195824,-0.37280253,0.40512425,-0.039737564,0.26829252,-0.19985801,-0.112989336,0.03448968,-0.010526682,-0.120305695,-0.07773805,-0.17409663,-0.010898157,-0.28508002,-0.31567806,0.08228531,0.1403087,-0.42472428,0.14040452,-0.023987344,0.15447484,0.27758303,-0.21208987,-0.09651269,-0.06284897,-0.3618175,0.40600476,0.009495535,-0.050058562,0.101711415,-0.22335337,-0.09513694,0.10525765,0.01974478,0.1680641,0.26427096,0.37830216,-0.08445946,-0.04175311,0.22742866
-0.20828258,0.38968378,-0.16464578,-0.086041816,0.19797605,-0.11763938,-0.06272887,0.48080295,-0.6664481,-0.40506566,-0.0012458765,-0.039989986,0.1894004,0.25584826,0.005499616,-0.44950315,0.42944708,0.4142419,-0.25746727,-0.35455993,0.057250988,-0.079989426,0.20732532,0.3325175,0.042924013,-0.23650523,0.26216674,-0.3815054,-0.056654215,0.28060427,0.46106634,-0.29596603,0.44822273,0.11701213,-0.36379212,-0.3288697,-0.41711465,0.16678616,0.27137414,0.014136683,-0.04330138,0.20790581,-0.303826,-0.33523595,0.34720474,0.17177352,-0.29245436,0.38440654,-0.41567847,-0.33851096,0.20935939,-0.15805237,0.3511716,0.016805679,0.40807018,0.60257524,0.041242283,-0.005197846,-0.2321956,0.050496247,-0.31538692,-0.058139566,0.30979893,-0.18289655
0.7836716,0.71226823,0.6305315,-0.14164083,-0.5783909,-0.24827856,1.2825549,1.3317463,-0.27109823,0.3575599,0.80191714,1.3557129,-0.8745262,1.5729645,-1.0022222,-0.48924533,0.007894059,-0.28334355,-0.7404053,-0.59948486,0.33564374,-0.26715752,1.6297588,-0.021697313,0.7097343,-0.4140899,-1.3082876,-0.2857302,-1.7777795,1.611431,0.5714994,0.13787556,0.5735425,1.4579964,-0.7910057,0.5723918,-0.71223295,0.16737197,-0.3496861,0.4190069,-0.24530208,1.0943654,2.1364443,0.57220256,-0.286827,-0.9686331,-0.16245908,0.9676348,-1.3014885,0.4777742,1.5991424,0.4028377,0.443479,-0.17535557,-0.79177004,-0.7346764,0.77037436,0.0011504592,0.45276588,0.8804517,0.36270598,-0.46766904,-0.30128896,0.4353308
-0.11385378,-0.03132178,-0.0062613804,-0.67463297,0.3032913,0.27344856,0.42554197,-0.4706406,0.5131682,0.2837537,-0.31289873,0.18239845,-0.3502018,0.16795972,0.31610993,-0.09088914,-0.08311467,-0.15963466,-0.57097405,-0.22727992,0.21791984,-0.0007551576,0.42908424,-0.11643489,0.15733498,-0.6347027,0.019377,-0.34155577,0.44098032,-0.13158092,0.059493717,-0.08359591,-0.13995658,-0.4481959,0.25627503,0.42527288,-0.13155992,0.07583958,-0.20826147,-0.32130444,-0.19667618,0.22334088,0.21056469,0.01434682,-0.14485174,0.15922563,-0.36650142,0.3095102,-0.10380048,0.0008811025,0.17617665,-0.12550154,-0.25831097,-0.6071528,0.21896157,-0.20733893,0.35327688,0.28848284,-0.15694779,0.020567827,0.2095522,0.11455296,-0.2312874,-0.4348531
-0.71406764,1.1211058,-0.20344163,0.3035903,-0.9140169,-0.96815985,-0.33513504,-0.0789416,0.11341105,-0.14543286,1.1892878,-0.18036702,0.5568148,0.21627718,-0.14809036,-0.1734155,-0.05282481,0.27068558,-0.041595194,-0.32331586,1.5879886,0.25847343,1.134388,-0.008186015,-0.3605338,-0.815118,-0.36856958,-0.1681509,0.78614926,-0.4868729,0.24951778,0.25098774,-0.28857175,-0.17959745,-1.0508446,-0.3765188,0.43670487,0.26033565,0.32820356,0.19850732,-0.5994565,0.07131418,0.5754202,-0.44580033,-0.008996015,-0.37212896,0.2689924,0.6566394,0.2895772,-0.24553186,0.40484577,1.1068,0.43799028,0.0053604743,0.37036043,0.33936498,0.41439655,0.37346599,-0.84582776,-0.78853315,-0.08373717,-0.13316846,0.01019004,-0.74451137
-0.14742336,-0.63888156,0.15538372,0.7462844,0.325801,-0.097073264,-0.25399268,0.39556408,-0.56807595,0.025979184,-0.07597394,0.5246722,-0.6048453,0.643756,0.10640046,-0.537599,0.06486485,-0.30080032,-0.25659552,-0.84462994,0.44018593,0.16831641,0.31570616,0.020118712,-0.62180436,-0.08447259,-0.5207408,-0.40014714,-0.03367318,0.78497106,-0.115860954,-0.00441395,0.73272514,0.39558434,-0.13073635,-0.738017,0.0477742,-0.8010426,-0.9400897,-0.364158,0.50734746,-0.40842336,0.98386693,-0.25390404,1.2335181,0.033616286,0.318554,-0.28191167,-0.06642923,0.28728592,0.53573143,-0.15111172,-0.0668399,-0.64358026,-0.15414274,-0.12651391,-0.013595346,-0.5379457,-0.008461239,0.8202505,-0.08866427,-0.5433168,-0.34669346,0.606904
-0.15902692,0.10816391,0.43200788,-0.10708683,0.03705101,0.075058036,0.12068591,-0.070797764,0.09549705,0.047962077,0.20232062,-0.14005409,0.0018451334,0.2473708,-0.24676727,0.2880242,0.04847018,0.020199753,-0.52449006,-0.071278796,0.1341941,0.15317369,-0.5514668,0.26939884,-0.24724616,-0.16979186,0.17517915,0.59390503,-0.16361949,-0.19492353,-0.012621607,-0.32440186,0.41298014,-0.11155066,0.070050895,0.19396795,0.22758654,0.07898217,0.07474414,-0.032672934,-0.027592668,0.14838077,0.30050898,-0.28450403,-0.05242433,0.38639456,0.16899502,0.17038098,0.044582006,-0.013161597,-0.06597823,0.102376565,0.045382634,-0.22599605,0.38367438,-0.41461623,-0.08432721,-0.18850297,-0.072272226,-0.3304765,-0.06060202,-0.37833646,-0.22540557,0.28034833
-0.15536484,-0.35328722,0.28978324,-0.1763519,0.38129976,-0.21937244,0.075830445,0.23883994,-0.36279646,0.01091014,0.037616137,0.05819923,-0.07974769,0.47071397,-0.15134689,-0.1373517,0.37165046,0.22353803,-0.09360692,-0.14839582,-0.18307693,0.11108324,-0.24019071,0.14137985,0.10774565,-0.34434196,0.3851598,-0.13848755,0.30364633,0.051286574,-0.09028501,-0.036889452,0.23148423,-0.25321394,-0.024797278,-0.31419748,0.21958697,0.21230316,-0.33608985,-0.34136498,-0.08440981,-0.007995659,0.6096384,-0.3681475,0.29926714,0.30638662,-0.12561943,0.046324674,0.16527534,-0.16727568,0.14485201,-0.6423267,0.15493634,0.2954343,0.081724204,-0.42053163,0.45581576,0.15400694,-0.113438845,-0.023877848,0.01701187,-0.20058252,0.09317968,0.05401743
-0.016536335,-0.13195452,0.11432512,0.11325326,-0.38193664,0.0063426704,-0.22448637,0.3042967,-0.16898407,-0.16787933,0.09084494,0.43263432,-0.14001487,-0.09308536,-0.22373506,-0.18923756,-0.10015963,-0.3515305,-0.40073648,0.13468553,0.18044212,-0.23968089,-0.035238042,-0.008332233,0.3420797,0.13319422,-0.12996344,0.2001383,-0.22387081,0.106223136,0.3435613,0.105976515,-0.50762916,0.13446456,0.195388,-0.08890663,-0.037825845,0.085071675,-0.12589906,0.06524213,0.2551314,0.27059665,-0.13218187,-0.09716913,-0.17151678,-0.26079014,-0.23124759,-0.046964478,-0.083819345,0.11806243,-0.17474373,-0.14491636,0.16755344,-0.10446382,0.16000165,-0.45299837,-0.022903977,0.07275191,0.0063026897,-0.27514306,-0.016713247,0.04317581,0.06154767,-0.24609548
0.35534137,0.28213528,0.39733222,0.9891185,-0.10784024,-0.34081239,0.08363464,-0.0837906,-0.3354826,-0.015554302,-0.19488783,0.4251519,0.08792104,0.23114829,0.3380565,0.03954362,-0.31282184,0.29433724,-0.33103657,0.12674414,-0.09513934,0.3491186,-0.31876892,0.30922613,-0.18163109,-0.28558037,0.022779502,0.17793252,0.4319023,-0.11052185,-0.38900942,0.46641678,0.27628666,-0.096671976,0.44851324,-0.8893134,0.07665793,0.21262026,0.13619012,-0.4213021,-0.020396538,-0.08752225,0.8646279,-0.08838597,-0.009468427,-0.07001226,0.20925891,0.086777285,-0.5225978,-0.2519598,-0.39267895,0.09879563,-0.361127,-0.078090675,-0.52396816,-0.44000188,0.08706872,0.19796108,-0.49275625,0.3726657,-0.18553407,0.15867044,0.31901973,-0.25613946
0.15969759,0.43036082,0.03599519,0.34188798,0.26613858,-0.31449488,0.4037269,-0.23283134,-0.4232611,0.0067037847,0.18243922,-0.024866987,-0.73362756,0.3624056,-0.12183165,-0.7434499,0.48527592,0.15351133,-0.47136992,0.039812393,0.009010556,0.15106182,0.12643346,-0.16183923,0.59404945,-0.043036297,0.3183074,-0.4504651,0.28147295,0.4460144,-0.1022907,0.061034605,0.59780943,0.31089127,-0.14591646,-0.241755,0.19376472,0.03368863,0.051314272,0.14993052,-0.509424,0.12980896,0.6266889,-0.19387288,0.095119,-0.26535326,-0.15006763,0.26916593,-0.35591015,-0.09737318,0.36788708,-0.0034392788,-0.13388605,0.3311451,-0.5154492,0.016316991,0.29191807,-0.07536217,-0.23311198,0.3673404,-0.19551429,0.40025452,0.3920977,0.15549694
-0.020083807,0.29261276,-0.20769805,0.5670033,-0.5307737,0.1749629,0.17060617,-0.3440746,0.02012802,0.0740852,0.055925738,-0.09630584,0.09775418,-0.03132636,0.116992235,-0.11985839,-0.12995571,0.12808855,-0.11896769,0.12467749,0.21949323,0.53468364,0.1126284,0.1533993,0.04922063,-0.27965474,-0.13091065,0.15217625,-0.11344735,0.06788173,-0.0210593,0.30484793,0.3339897,-0.31455103,0.15000062,-0.30443707,0.2840109,-0.22892968,0.022596417,-0.27540028,-0.0036032235,0.01827543,0.06288064,-0.038958542,0.13745889,-0.0625352,-0.262112,0.09264061,0.085043386,-0.10164613,-0.13761966,-0.10912066,-0.046091415,0.12173767,-0.26920837,-0.20915358,0.11970321,-0.26956007,-0.16388746,0.4648563,-0.06488443,0.38731146,0.30604014,-0.11404791
0.49254474,0.43635786,-0.3221381,-0.059453428,-0.34545743,-0.04417477,-0.40550485,0.010862246,0.12206189,0.5466841,-0.16457362,0.5015116,-0.006873812,0.020614672,0.28239754,0.18272258,-0.36372852,-0.041681036,-0.351551,-0.21632615,0.13455419,0.26077044,0.122400746,-0.09479424,0.23011875,-0.05143064,0.47808775,-0.03178295,-0.23135772,-0.5790467,0.07584311,0.35963753,0.21055411,-0.19645925,0.43776792,-0.36901057,-0.16706091,-0.18018568,-0.2978189,-0.36110893,-0.049430866,0.23510982,0.18736975,0.24147373,-0.1809443,-0.16554599,-0.18323453,0.5110504,-0.67995095,-0.3499418,-0.19808088,0.12662308,-0.27277866,0.032269165,-0.33302858,-0.13687027,0.109673955,0.6441076,-0.34132996,0.5525887,-0.31865472,-0.2303943,-0.05947445,-0.40748736
2.4818823,-1.0669458,1.6461911,1.0221409,0.34717828,-0.20029752,-1.359662,1.7756459,0.5803603,2.531466,0.3603711,-1.4319754,-0.05624904,1.646818,-0.9329577,-0.2555657,1.9042075,-0.023903888,-1.9697865,-0.8474282,3.5049825,-1.0792385,0.4014668,1.5323048,-0.5532984,-2.3001218,1.8065064,-0.30479598,-0.7549899,1.2287761,1.5902168,1.2297845,1.8853625,-0.79455996,0.08606522,-1.105497,-1.0406284,-0.14081079,-0.6208147,-1.212167,-1.0678267,-0.54401463,0.14232893,-0.31482095,-0.10621883,-1.7025622,0.14303361,-0.29497713,-1.6851776,0.2757318,-1.2995523,0.011776377,-1.4159453,1.1699241,-0.19617663,-0.048611995,1.341106,-1.368357,0.791574,-0.4912431,-0.61324644,-0.32078797,-0.33415857,-0.9362152
1.18525,2.3152037,-1.0245179,-0.85478103,1.5102175,0.4450303,-1.7179312,-0.8831553,-0.17638358,0.9397764,-2.3261006,0.6872846,3.1233659,0.9478182,-0.8802069,0.39020434,1.0368909,-0.50140274,-3.0499096,0.710516,1.6937847,1.805158,0.34518984,0.48864216,-1.5991416,-2.029516,-0.8495586,1.00648,0.25839385,-1.0358236,-1.4984443,-0.19514473,-0.8715433,-0.70160174,0.4630877,-4.144477,-2.3834734,-1.4192243,-0.043932043,1.5618794,-1.2220354,2.4871452,0.4124761,-0.8410864,-1.2739807,-3.134307,-0.08243162,-2.1194036,0.86130893,-2.4110005,0.80803245,0.38133413,2.7819269,-0.33095002,0.46417785,0.74807495,0.17299944,1.5175285,-1.1535395,2.1668243,0.17995581,-0.006189446,0.69232255,1.5637442
-0.16650167,0.047932196,-0.27238658,0.6139373,-0.1724514,-0.12243124,-0.34070656,0.15500127,0.17185591,-0.20232365,-0.052668426,-0.38158095,-0.17265171,0.47203797,0.05143952,-0.22818777,0.25734192,-0.06298233,-0.79584146,-0.0985124,0.14122485,-0.049286045,0.02665416,0.092583105,0.482182,0.020159414,0.1935421,0.43907323,-0.54811436,-0.10110909,0.6667305,0.36544544,0.26876554,0.30883473,-0.06425562,-0.1579374,0.3944749,0.030109163,-0.41361377,-0.44501555,-0.15423727,-0.004075892,0.3384372,-0.38037556,0.0009437203,-0.48954245,-0.13726744,-0.07452065,-0.33847678,0.08094011,0.30812374,-0.58362436,0.10236973,-0.15788436,0.0478769,-0.25504482,-0.2331999,-0.36871055,-0.701378,-0.072031066,0.07466193,-0.12574892,0.44584626,-0.26743132
-0.057837613,-0.30988804,0.06199374,0.6667867,0.23388697,0.04261872,0.37935618,0.18598711,-0.37521416,0.24771018,0.04782317,0.13156645,-0.5215047,0.52467066,0.47009468,-0.34106463,0.21981208,-0.49380884,-0.2969161,-0.26253623,-0.008444517,-0.54734296,-0.45436984,0.5241539,-0.39507487,-0.26587564,0.7901037,0.5086356,0.23509133,0.32362074,-0.04045112,-0.27381343,0.3327871,0.854124,-0.37412393,-0.70502704,-0.19914882,0.489702,-0.026876938,-0.10256206,-0.24884136,0.21250492,0.45047763,-0.5194476,-0.2090972,-0.34516788,-0.41972697,0.18013975,-0.17501976,0.053961985,0.26964992,-0.6109394,-0.09100903,-0.2018652,-0.1493456,0.08904855,0.057020962,-0.17700474,-0.61210316,0.2708332,-0.032959826,-0.5447028,0.35311195,0.42545217
-0.4963498,-0.34505445,0.6803863,0.59222174,0.16945916,0.085745834,0.08194113,-1.345016,0.11368681,0.6296392,1.0965728,0.23535581,-1.1242211,-0.44699857,0.32988313,-0.13933933,1.3126771,-0.6129004,-0.4815145,-0.45548117,1.6999329,-0.39664543,-0.035726152,-0.16579542,0.6653926,-0.7330796,-0.020011563,-0.8943306,0.31771398,0.64485615,-0.01709234,0.35656095,0.51287955,0.8868115,1.0956353,0.0019378887,-0.74045324,-0.51064116,-0.544124,-0.015381241,-0.37703666,0.8126226,0.016481308,-0.7197746,0.8927767,-0.81339467,0.043905806,0.37508667,-0.6564595,0.10090115,0.6769968,-0.37112412,0.33240238,0.48484835,-0.12670124,-0.40592217,0.94271386,0.2189152,1.1258831,0.3045262,-0.0447327,-0.3722519,0.08123281,0.5861676
-0.860214,0.63706726,-0.438292,0.29805362,-0.21011476,0.37976304,-0.007271679,-0.25395828,-0.39882925,-0.9764983,0.13379307,0.17521109,-0.73787117,0.7553141,-0.73727673,-0.62873095,0.85241747,-0.14337254,-0.36688033,0.47173068,0.16030851,-0.70799047,-0.47684598,0.45924625,0.58582073,0.57509,0.42604727,0.40257186,-1.04136,-1.1308013,0.5093166,0.5984913,1.1663142,-0.49343097,-0.35894713,-0.0081375195,-0.92309076,-0.3093738,0.3162434,-0.023735989,-0.9985585,0.8281187,1.2834337,-0.5507228,0.42237547,-1.4793017,0.21123207,0.04735267,-0.0063097575,0.3956796,-0.18043946,-0.3202496,-0.9344495,-0.50735015,0.38797614,-1.2162985,-0.03084562,-0.6908131,0.58717084,0.42408448,0.7302727,-0.2570862,0.04862541,0.017343601
0.8808348,-0.05880779,-0.24024732,-0.10821511,-0.15669759,0.17293349,-0.3294784,0.4196668,0.12185883,-0.05484329,0.033575907,0.26926187,-0.15175158,0.17612542,0.07762656,0.17542788,-0.012097847,-0.041233677,0.055014525,-0.12279079,0.036343742,-0.06826709,0.13814084,-0.12007987,-0.13894948,0.12205295,0.15924132,0.32626194,0.026108792,-0.2036295,-0.038509924,0.2728528,0.4212347,0.17319527,0.16049212,0.2294611,-0.07652116,0.26031557,-0.19913678,0.015019198,0.113146104,-0.14929232,-0.1297661,-0.08776617,-0.20413208,-0.10121404,0.11788108,0.23928252,-0.06093871,-0.1530264,0.24638604,0.08847893,-0.028219521,0.27958474,-0.22088264,-0.23140976,0.118909314,0.54169697,0.26704386,0.18000288,0.13327317,-0.14966251,0.06402532,-0.19345805
0.7964667,-0.22911502,0.13173951,1.5581036,-1.2901199,0.44114435,-0.3709984,-0.1805006,0.6972417,-0.36629212,0.60172635,1.0754769,0.023193818,0.5897783,0.20451497,-0.45465526,-0.14910235,0.18321645,-0.85619694,0.16581672,1.2845618,0.20132744,-0.17250936,-0.044347733,-0.42119905,-0.046636224,0.5324771,1.0441424,0.07236049,0.6165245,-0.105698936,-0.25543207,1.886834,0.51035446,0.67763966,-0.1324127,-0.6757705,-0.018321335,0.3892174,0.025445592,-0.4873915,0.9701578,0.47907013,-0.8777145,0.053082846,0.41980737,0.5559274,1.2508584,-0.06937387,-0.7338674,0.7659817,-0.042755574,0.64043343,0.40338558,0.025229031,-1.0524154,0.2948713,0.3376033,0.31795484,0.10715707,-0.82974666,0.38201222,1.2248834,-0.55639255
0.97031385,0.4141926,0.42092276,0.05709006,-0.24782449,1.0855696,-0.5832697,0.02011403,0.062020797,0.060246672,-0.014907383,0.36469072,0.2787432,0.49913287,-0.29926202,-0.49814156,0.06121216,0.52959335,0.3947154,-0.8314471,1.0407729,0.5364959,0.30626836,0.5377583,-0.14920712,0.098478206,-0.052323893,0.28094652,0.1743061,-0.5764222,0.35652146,-0.068694316,1.6649259,-0.102782406,0.4471801,-0.37212107,0.8975641,-0.96627665,-0.51398605,0.0051327464,0.44661856,0.14445224,0.3182944,-0.98334205,1.0712181,0.48337415,0.1151878,0.36845425,-0.10607127,-0.6434183,-0.42428538,-0.7441462,0.8092368,0.74751234,-0.5100926,-1.0356289,1.0904063,-0.60029227,0.09596052,0.96725935,-0.29444715,-0.19010799,0.41949335,-0.70855224
-0.25529826,-0.546081,1.3921309,-0.6242842,0.3317538,-3.0760355,1.5667714,0.8744141,0.55524445,0.6070329,0.93434453,0.77780986,2.1879327,0.44293502,0.67615527,-1.3539838,-1.2113222,-0.0871469,-2.526069,-0.98538524,1.0803885,-0.5754198,-0.8697853,-1.1172816,-0.22901489,-1.6028975,0.53850377,1.5746107,1.3136692,-1.3250365,0.61502653,2.7203355,2.3350937,1.6960119,-0.73817825,-0.33521965,-1.694244,-1.3974793,1.4981357,0.7513386,2.231199,-0.28470945,-0.04332501,0.00828963,-0.40155956,-1.2202398,2.478812,0.11952745,-2.0062115,-1.507088,-0.13044609,-1.9601166,-1.1509842,0.3508902,-0.19751489,-1.5018477,-0.7783939,-1.6320559,0.8870069,0.85149944,1.7156584,0.5180704,0.20325932,-0.92284495
-0.3124245,0.023833137,-0.02083253,0.1102183,0.014688246,-0.07093724,-0.22548345,-0.10347982,-0.1741054,0.21482962,0.026727688,-0.50460863,-0.4125684,-0.40605345,-0.34150413,-0.4019628,0.49298584,-0.38383818,-0.15707141,0.15543489,0.6226631,-0.9444814,-0.019649152,-0.105536744,0.539877,0.39912906,0.079627626,0.19087757,0.02298182,0.16847232,0.25570795,0.38090423,0.32088858,0.19800046,0.27944028,-0.19301401,-0.47970778,0.40753868,0.24019764,-0.17062494,-0.63209695,1.083645,0.13739924,-0.06808614,0.04225354,-0.33756918,0.02389158,-0.050181635,-0.0185113,-0.23555055,0.21559073,-0.6875005,0.33162168,0.42081428,0.07700613,-0.8449778,-0.08869741,0.26725444,-0.44408208,0.10869445,0.26976883,0.15311301,0.23630679,0.008789076
0.21138257,-0.12912296,-0.25217238,0.34137517,-0.3660791,0.07125362,-0.01389444,-0.003708277,-0.025154628,-0.021454515,0.10572097,-0.35597023,0.31739056,-0.6583892,-0.26922905,0.19909132,0.17181934,-0.3997811,-0.053757317,-0.065927655,-0.069879316,0.4656001,0.19644247,-0.19118977,-0.17781883,-0.35842815,-0.18307471,-0.0030838072,0.0044730664,0.2868875,0.15084349,0.040847637,0.16957943,0.23798531,0.19142272,-0.36473376,-0.13725163,-0.43117404,-0.0634803,-0.32883632,-0.05234041,0.01898801,0.1186002,0.13749212,0.10171256,0.09676973,0.10170612,0.46430185,0.25101393,0.21385035,-0.12666412,-0.31556493,-0.0677098,0.18731326,0.18004113,-0.1258537,0.05503168,-0.33789855,0.1302399,0.16002111,0.05901187,0.11962593,-0.14715096,0.22216508
0.4536784,0.24485333,-0.36065173,-0.15137532,0.23615889,-0.32091492,-0.345992,0.10250363,0.10796709,-0.16616173,0.3108108,0.18615232,-0.2614669,0.121093534,0.15069272,-0.22733247,0.29308984,-0.21279429,-0.06041139,-0.16426726,-0.061303202,0.11737769,0.106433526,-0.16327624,0.21486165,0.08472397,0.19327904,-0.10058951,-0.3835993,-0.13236332,-0.09331815,0.09387912,0.32615295,0.14726388,0.105943084,0.23504435,0.07872146,-0.32823586,-0.14293352,0.30701786,-0.08696528,-0.08907782,0.09542536,-0.032700896,0.03491638,-0.63114244,0.21743438,0.2263324,-0.08919823,0.18957537,0.054446656,0.10446759,-0.3411329,0.33135954,-0.21859664,-0.06338688,0.008417561,0.095820494,0.2590049,0.11568355,-0.24113084,-0.059225433,-0.08496675,0.1492115
-0.11585392,0.22002931,0.2365432,0.05253908,-0.14044091,0.15667528,0.2581886,0.3233663,-0.3238814,0.21501003,-0.09039671,0.31796512,-0.016085748,-0.23588929,0.14478207,-0.20747943,-0.34631404,-0.69420445,-0.3885938,-0.25001758,0.2213876,-0.2943281,-0.052321214,-0.0046147485,0.12844431,-0.0022532858,0.0434785,-0.13357338,-0.1881491,0.008511987,0.11532665,0.053235013,-0.62685853,0.043225996,0.38669792,0.06071477,-0.007688806,0.056772362,-0.3977003,-0.037585825,0.13444273,0.3282276,-0.24628867,-0.10498566,-0.27354705,-0.29883042,-0.56957257,0.40737852,-0.19399105,0.07601682,-0.035801865,0.008964435,0.32856277,-0.41007885,0.106549606,-0.31619525,0.44352028,-0.104969464,0.19580922,-0.033369184,0.07423901,-0.22672683,-0.17717104,-0.1653459
0.3355613,-0.12600887,0.36881077,0.06468446,-1.3784364,0.20099409,-0.20181747,0.0006970685,-0.44218796,-0.67411035,-0.8657423,0.48559055,0.41068614,-0.8186034,0.40562555,-0.7778357,-0.9828191,-1.7770612,-1.2105209,0.24930406,1.2322289,0.6216834,0.2475776,1.375293,0.03731371,-0.67691165,0.27735883,-0.19307886,-0.42070052,-0.73476934,-0.14224066,0.9480944,0.4531414,-0.39503184,0.13455693,-1.6159232,0.13359335,0.1284597,0.43467158,0.3195922,0.65863085,0.42502227,0.32104754,-0.37069345,0.56079054,-0.4845302,-1.3050007,0.5416356,-0.5230068,-0.47467726,0.180262,0.86884606,0.662651,-0.31043667,-1.2291503,-0.5055565,0.79468703,0.45644554,0.4609904,0.10118366,-0.6352769,0.33444217,-0.9675491,-0.9041377
-0.39013863,1.0617768,0.08764148,0.5833367,-0.8798357,0.27675518,0.7306495,0.99739265,0.3712667,-0.5512369,0.6425057,-0.1283627,0.20370488,-0.028646678,-0.1852151,0.94059885,0.43708572,-0.6424875,-0.067916706,0.057656985,0.8050146,1.0676237,-0.036130536,-0.5707668,-0.6942225,-0.71762145,-0.49679583,-0.9008728,0.15590087,-0.12054789,-0.12914416,-0.63664603,1.3929061,-0.8688414,1.1567129,-0.26477346,-1.1136072,-0.08430415,-1.7071816,-1.190445,0.7943968,0.05109081,0.005536997,-0.12796044,-0.51740193,-1.1637834,0.10773419,1.4141026,0.35216185,-0.91358495,-0.20810951,-0.6780637,-1.0692037,-0.5576824,-0.27716902,0.12235103,-0.40974632,-0.069044106,-0.00487688,0.7278699,-1.0135342,1.3763939,0.19895421,-0.39342204
-0.655352,0.33163425,0.38055366,-0.12874584,-0.21557917,-0.47706786,-1.7559383,-0.027650507,0.36554772,-0.0077931564,0.1190745,0.7882997,-0.8226307,0.06875516,0.33085203,0.33666328,-0.48688218,1.598136,-1.011274,-0.2507725,1.5828896,0.9106679,0.70343,-0.692579,1.0718578,0.24371521,1.3663535,0.67283654,-1.0627447,1.0124824,-0.6209522,-0.59433866,0.82469326,0.6535385,-0.20828362,-1.7343004,0.89644504,-1.0160276,-0.9393352,0.046181623,0.110182926,0.88285595,1.3636096,0.5603649,0.49664727,-1.0706418,-0.055429943,0.95193356,-1.4470553,0.3354699,-0.27217752,-1.5688192,-0.10603394,0.5660553,0.43979257,0.46946478,-0.07859143,0.8618551,0.8279417,1.1145301,-0.2962273,0.06389835,-0.5752144,-0.7520169
-0.13191369,0.32236338,0.17845693,0.73969865,-0.26241782,-0.53336805,0.15310624,-0.75788295,-0.741414,0.8066129,-0.13711873,-0.29349312,-1.0622259,-0.47572044,-0.5117477,-0.89993083,-0.28697282,0.13019612,-0.6688111,-0.98146826,0.6472035,-1.3842903,-0.57362294,0.28690028,-0.29093507,0.4489058,0.3575756,-0.4861846,0.94509244,0.13637584,-0.54738235,0.91970843,1.1200039,0.105815634,0.38579097,-0.8107774,-0.81176543,0.52490807,-0.29585832,-0.34148148,-0.945154,0.26609203,0.9582936,0.5047419,-0.21428107,-0.26580855,0.8023189,0.08079337,-1.2034982,-0.22203225,0.115616314,-0.29707897,0.5334012,-0.07605053,-0.18723299,0.06527987,0.4809586,-0.008437556,-1.0677915,0.49975553,-0.05453903,0.8665005,-0.57874596,0.10790905
0.30540505,-0.3466332,0.15327461,0.49430716,0.5453611,-0.24855308,0.05824516,0.46803114,0.74964,0.21622957,-0.014253531,0.7032138,0.03795288,0.0055280565,-0.03628205,-0.1908249,-0.40373918,0.048854854,0.21850367,-0.4097317,-0.43685913,-0.11373859,0.45366484,0.7315906,-0.37794665,0.51080376,0.15327738,-0.1504762,-0.11007387,0.17152233,-0.6779293,0.8985788,-0.8459111,-0.7842627,0.4060097,-0.1992183,-0.30042973,0.51733214,0.52244025,-0.09331051,-0.03238342,-0.37293008,0.76642144,-0.8827192,-0.15243995,-0.109330945,-0.39845464,0.07876465,-0.23051925,-0.22878915,0.30577537,-1.0748918,-0.34889033,0.36449608,0.80424154,0.21968955,0.02955842,-0.20914172,0.21310364,0.35269156,-0.073708676,0.9536346,-0.6508164,0.6273627
-0.18383363,-0.14035274,0.45557448,0.33967668,0.15857662,-0.044596363,-0.18188494,0.21343742,-0.20776002,-0.016941316,0.3145328,0.37088406,-0.38998246,0.41910827,0.20056632,-0.02224476,0.0567293,-0.2202497,-0.108288005,-0.08905029,0.13171516,-0.40231797,-0.4091925,0.22146726,-0.4851041,-0.0903493,0.29188085,0.18138339,0.16970836,0.119650625,-0.24101666,0.29483032,0.05059275,0.39049488,0.06794629,-0.20884778,-0.45103467,0.23297948,-0.44089207,-0.32108194,-0.1977052,-0.22699621,0.16887496,-0.2162866,0.073954836,-0.12448105,0.10217028,0.19495943,0.37769845,-0.035619754,-0.057067107,-0.35024673,-0.15279265,-0.29682785,-0.4012892,-0.010949813,-0.09181358,0.18499134,-0.54194796,-0.12383076,-0.17519087,0.09890698,0.0115555925,0.30464333
0.5644876,-0.07461389,0.034267,-0.07296671,-0.27753288,-0.046146207,-0.39836496,0.38834676,0.1683352,-0.1031653,0.09387118,0.39667577,-0.026459886,0.22927423,0.17521697,0.22381124,-0.012912857,-0.26522583,0.049544387,0.08180426,0.0639335,-0.029017154,0.07179567,-0.026402166,-0.17713341,0.054694332,0.32599714,0.15208156,-0.12735967,-0.2774263,0.07449084,0.16125898,0.32705945,0.27610913,0.30981722,0.27699587,-0.3055123,0.20739187,-0.15230662,-0.070013285,-0.030959386,-0.15310422,-0.073482655,0.040119413,-0.13679779,-0.18550825,0.19148937,0.27275208,0.08735071,-0.33781013,0.17599726,0.09071535,-0.11214038,0.24394874,-0.39950046,-0.08877028,0.07270831,0.7132291,0.13926736,0.21655251,-0.14768113,-0.18272778,-0.020963527,-0.074687175
0.13821663,0.69538856,0.46166903,-0.13504656,-0.17384663,-0.14464724,-0.26924923,0.15033826,0.106369585,0.12926061,-0.09575379,-0.15232554,-0.021050423,-0.07107731,-0.32429644,-0.09438226,-0.04282796,0.33587396,0.1841419,-0.34290585,-0.073938556,-0.42703366,-0.3466096,0.3086553,0.15361734,0.0019500528,-0.10050975,-0.012579009,0.07497722,-0.38531762,-0.36003432,-0.34907317,0.11176791,-0.12966944,-0.020524703,0.0860226,0.11124308,-0.33405045,-0.064411074,0.32247698,0.119029954,-0.08838357,0.027318109,-0.22426558,0.17871355,-0.26077577,0.0029599725,0.27048105,-0.25167623,-0.11810982,-0.28140563,-0.35060418,0.10144492,-0.23999974,0.16505036,0.064600155,-0.12289388,-0.17647414,0.18631756,0.29695806,-0.15823404,-0.12268441,-0.11550031,-0.046257656
0.36790654,0.33295977,0.0448315,-0.042560816,0.1415272,0.058166552,0.08103188,-0.17950052,0.16511132,0.01628997,0.06566331,0.10720789,-0.1338517,-0.17554688,0.06276634,-0.1383889,-0.24044664,0.016825957,0.07109965,-0.20817524,0.06916492,0.2886325,-0.5828094,-0.01302235,-0.060039897,0.017260563,-0.20006365,0.11385787,-0.053242154,0.3216197,0.52247673,-0.082345515,0.015454263,-0.20123579,-0.3636677,-0.17882982,0.15177609,0.28118217,-0.052751552,-0.25129303,-0.055547897,-0.04099398,-0.22375333,0.11491959,0.25183287,-0.20300135,-0.085657865,-0.14267664,-0.03587853,-0.18814956,0.30578902,-0.036846414,-0.24565142,0.005801698,0.2189126,-0.1333242,-0.06994493,0.3638502,0.10127103,-0.1340965,0.37648496,0.13924022,-0.07009188,0.12216548
0.54131365,0.390861,0.21345769,-0.00855906,0.9639022,0.3037369,0.26849392,-0.65614665,-0.080080055,-0.23917407,-0.53857154,1.8069813,0.14505483,-0.7630781,-0.2838865,-0.46269986,-0.15154073,0.11495726,-0.37542814,-0.55385154,0.27486584,0.025161725,0.36791575,-0.49730518,-0.4570381,-0.6628968,0.3646343,0.79873616,0.27770782,0.32371855,0.58576643,0.25020158,0.087046094,1.0685785,1.1061457,0.29251605,-0.5485994,0.54186314,-0.040783647,-0.11679563,-0.5856165,0.35390794,0.4479533,0.003854536,0.53372806,0.27938545,0.2631129,0.36646396,-0.5093773,-0.3633725,-0.44603258,0.21547821,-0.54850847,0.75187856,-0.17587104,0.24950789,-0.85863495,-0.36708087,-0.1844114,0.31707975,-1.0265213,-0.33370325,0.28045377,-0.113326624
-0.42100647,1.2945302,-0.1975368,-0.08424589,0.962114,-0.11745296,-1.6317257,0.5672128,0.09842294,-0.25789332,-0.8737838,-0.26924434,-0.029799435,-0.43574584,-0.13078794,0.520863,-0.87350416,-0.38390458,-0.6420993,0.24262762,1.1469223,-0.8534266,0.097837165,0.5641976,1.14707,-0.3956056,-1.0051554,0.32169104,1.2205777,1.6236539,-0.37907466,0.49794793,1.2820235,-0.7632966,0.41609642,0.6166112,-0.5121331,-0.16341537,0.6321319,1.3329797,-0.6626009,0.29204848,-0.12826811,0.5351232,-0.8736917,0.017563876,-0.14209804,-0.43447307,0.9933626,-0.6940666,1.0152618,-1.1527994,0.11986212,0.31003717,0.33233985,-0.1293331,-0.19361465,-0.44554454,-0.4328816,0.7637638,-0.326139,-0.4942904,-0.8174871,0.119044006
-0.14603351,0.09222989,-0.22737983,-0.07358921,0.24046487,-0.63364625,-0.74430096,-0.29119417,-0.47042587,-0.26616603,-0.14052953,-0.16488959,-0.64740676,0.36370546,-0.097145714,-0.34803042,0.05995029,-0.24475767,-0.22982636,-1.7769147,0.6431929,-0.20460998,0.22866112,-0.02568936,-0.3827175,-0.536814,0.18993926,0.32641816,-0.07965842,-0.44474268,-0.35242796,0.16505429,0.5132531,-0.6364675,-0.754909,1.2214184,-0.50767803,0.33017787,-0.006109395,0.78785145,0.008275102,1.031634,0.0041577104,-0.2505443,-0.20739253,-0.9417439,0.094191544,0.64586896,0.11358586,-0.18469204,-0.48225874,0.477714,-0.717612,1.2981514,0.06662822,0.09393713,-0.18701574,0.4482498,0.6474227,0.42579627,-0.08709122,0.45049244,0.3726782,0.08157457
-0.19008262,0.4547204,0.28765163,0.084625095,-0.6192644,-0.11082876,-0.41244447,0.022614678,-0.17869684,0.19743025,0.35295627,-0.24813296,0.10887236,0.10674518,0.09201418,0.2752605,-0.089757025,-0.0069543845,-0.32026845,-0.15311527,0.39462274,-0.55275285,0.053390585,-0.0827208,-0.42539048,-0.59917396,0.050752345,-0.23913465,-0.26981893,0.1774573,0.38633272,0.047237903,0.30286786,-0.10164404,0.11570886,-0.12558979,-0.49550048,-0.6935876,0.07730904,-0.035109114,-0.1903372,-0.13088891,-0.068647385,-0.4686767,-0.03070927,0.35202187,0.08891084,0.15300806,0.36492425,-0.21323115,-0.022219202,-0.016579017,-0.040984422,0.45975828,0.20589912,-0.064285874,-0.08669643,0.4852998,0.07734847,0.6744765,0.043603666,0.25269565,0.08366864,0.0373138
0.4447021,0.28896657,0.1341048,0.28245407,-0.33191517,-0.26659328,-0.36646852,-0.16404906,0.31564608,0.09768965,-0.026689108,0.020339336,-0.44062936,0.12628926,0.11908286,-0.050695993,-0.07644759,0.058707584,0.20316626,-0.2321179,0.2036317,0.18265131,0.57876515,0.1534827,0.061703738,-0.011644685,0.05100677,0.38509884,-0.08672612,-0.51896477,0.24213956,0.20415531,0.42035905,-0.039598327,0.3594907,0.00402337,0.312147,-0.2266723,-0.38344693,0.21896425,0.13153556,-0.47897285,-0.12107043,0.02980569,0.23369646,-0.095354654,-0.097160734,0.10921918,-0.2441028,-0.4750768,0.062206738,0.06305453,0.015306162,0.16202392,-0.04131729,-0.28380373,0.10210706,0.24528405,-0.18557468,0.5930852,-0.054809976,0.20719013,0.085174136,0.02927703
-0.26482671,-0.022547897,0.4878611,0.23883204,-0.019633071,0.38637558,0.33877796,0.21124323,-0.46927845,0.3278799,0.15115035,-0.017537156,-0.13623478,0.15738992,-0.33020148,0.18427542,-0.16351275,-0.024262052,0.20653994,-0.09223098,0.057879064,0.37841335,0.1543108,0.06913021,0.1448067,0.019716498,-0.20015946,0.3798301,-0.8678671,-0.34615266,0.002578569,-0.05847211,0.19123442,-0.31973237,-0.12019632,0.17912765,-0.23690847,0.29630545,0.22287317,0.1010198,-0.51202077,0.50189936,0.24984284,0.20030874,0.31264746,-0.019538134,0.2699634,0.08376929,-0.050332278,-0.4654582,-0.33650222,0.15119496,-0.26485202,-0.1410912,0.2518998,-0.2174628,-0.23383208,-0.24776743,-0.06985468,0.041782223,0.422443,-0.4066666,-0.3452099,0.3431054
-0.033127528,-0.20512691,-0.000116325915,-0.03944712,0.25758523,-0.3163712,0.2902973,0.23975825,-0.19632447,-0.15817693,-0.5535398,-0.1746802,-0.13169031,0.4196416,0.04652435,0.07189192,0.16108274,0.23703913,-0.23982903,-0.34282503,-0.0744913,0.16235669,0.09250482,-0.106916405,-0.0013588294,0.02636632,0.3212521,-0.2671457,-0.15991952,0.10103506,0.5094574,-0.07903691,0.19856451,-0.21785423,-0.22408795,-0.24405886,0.19974852,0.30918854,0.043463394,-0.0028786063,0.14936122,0.1748939,-0.13973455,-0.12976976,0.071353845,-0.11060886,-0.10254103,0.11327328,0.2143558,0.09404513,0.079120375,-0.17152992,-0.09154281,0.17730716,0.020152923,-0.024579441,0.22856942,-0.2008468,-0.16875756,0.36319253,-4.2527914e-05,-0.16414474,0.23477957,-0.13800491
0.5945572,0.6525227,0.87835914,1.2954065,0.29457384,-0.61780196,-0.31158236,0.47153232,0.80496466,0.3576035,0.8390295,-0.58013296,-0.2841585,0.12954542,0.64924634,-0.29833013,0.0321263,-0.099308126,0.22290246,-0.26945308,1.0130739,-0.14923926,0.7272124,0.45988956,0.23928021,-0.007278727,-0.13076873,0.6532704,-0.09791197,-0.6037604,0.7466856,-0.5389899,0.23092699,-0.17135817,0.97125596,-0.17369239,0.8132415,-0.18856575,-0.15499885,0.3435507,0.21278736,0.038019728,1.1985013,0.07408538,-0.7989394,-0.007837988,0.31319404,0.30479178,-1.3152134,-1.5473187,0.30878577,0.58890986,0.31430998,0.3327139,0.3357787,-0.3146306,-0.3653568,-0.5150602,-0.29234162,0.6380706,0.4226707,-0.26856613,0.50196755,0.34503096
-0.42080188,0.631958,0.50121474,0.15453362,0.12045875,0.35861784,-0.042188767,-0.24531406,0.16654314,-0.02467491,-0.26720864,0.019034442,0.08318273,0.3289792,0.15170735,-0.0782791,-0.24583645,0.15536891,-0.2949104,-0.1340861,0.20147958,0.46157387,0.35634124,0.60761654,0.3033261,-0.7309131,0.1544874,0.36050704,0.42751095,-0.300618,0.18818119,0.12620725,0.4216895,0.0019454848,-0.20429464,-0.23262365,-0.14846966,0.45690614,0.2752604,0.3509646,-0.21568684,0.19326092,-0.2134464,-0.14977789,0.5420697,-0.072172984,-0.6114891,0.3867976,-0.3210466,0.26570165,0.084737495,-0.18056498,-0.22924088,0.0047494904,0.20332216,0.4338864,-0.43803683,0.09437374,-0.21203046,0.21802391,-0.47019514,0.06620016,0.12827034,-0.36582005
-0.16896021,0.3931429,-0.14349222,1.4921498,0.10971338,-1.0251021,-1.4730147,-0.60388285,0.96124446,-0.41373202,0.6945872,-0.3174591,0.50463396,0.6603773,0.32179472,-0.67952025,0.40537307,-0.17820181,-0.7481224,-0.9378038,0.83546346,0.1356552,-0.0045397296,-0.2288863,0.18316405,-1.2729939,-0.07859482,-1.7178364,-1.5286751,0.07306255,-0.38149408,0.9532515,1.4652762,1.1784997,1.0217779,0.10934714,0.38896716,0.12694566,-0.18016899,0.029591847,0.88408566,1.1982999,1.2040694,-0.5616185,0.7803979,0.22308204,-1.2580862,-1.4935422,-0.39544734,-0.17570053,-0.27130055,-1.0024625,0.046325814,0.5518953,-0.17739956,-1.1533116,-0.48767275,0.2085021,-0.023060441,-1.0066155,0.60578054,0.42633057,-0.09970154,0.7984883
-0.6147604,0.5184457,-1.6375849,0.8799793,-1.3671124,0.27131242,-0.32660696,0.6656914,-0.9910558,0.68941027,0.27378243,0.6711284,0.4169298,0.18390633,0.98145926,1.124783,-0.40109572,1.479864,-1.2834585,0.060605865,0.7611915,0.051037196,-0.121643536,-0.5477695,0.47668055,-1.0168098,0.04348096,0.46633658,1.2221708,-0.32979253,0.61732507,0.6645099,-0.32563818,-0.7852672,-0.6123928,-0.17556065,-0.39954552,-0.034067135,-1.6810603,0.37085176,-1.3553312,0.49032375,-0.048235234,-1.2562523,0.3010682,0.36152187,-1.2806956,0.37708095,-1.3604555,0.042666,-0.041451126,-0.012130397,0.26152092,0.38650584,-1.126294,-1.1402692,0.21594459,-0.8134712,1.9017456,0.40223587,0.40727946,0.8541991,0.041356824,1.1173731
-0.35631192,0.13964279,0.35391384,0.105259396,-0.23370561,-0.022268908,-0.3081929,0.03373864,0.31958863,0.108695924,-0.09823011,0.38360322,0.27868146,0.31795406,0.088485934,0.056954827,-0.06966478,-0.20236848,0.05792334,0.36645654,0.28332666,0.13288756,-0.2873183,0.1977662,-0.013053352,0.036843877,0.34985706,-0.24425286,-0.14994481,0.050797455,-0.061648965,-0.14939547,0.28481385,0.57362455,0.14448066,-0.2402949,-0.49015468,0.10727273,0.098770216,-0.1472626,0.059682447,0.02073121,0.08903737,-0.22879015,0.14034422,0.24933422,-0.26007733,-0.14796175,-0.03775017,-0.3231995,-0.07405491,-0.021550367,-0.33289766,0.18595701,-0.33555317,0.31447175,-0.15443636,0.55391634,0.25010583,-0.21170795,-0.18063802,-0.15744303,-0.12772022,-0.06579702
0.45970377,-0.22803538,-0.20731142,-0.04125419,-0.42474157,-0.021672243,-0.122282974,-0.14721139,0.3301016,0.069427446,0.6261768,0.3646481,-0.4538758,-0.051046148,-0.44444948,-0.25678256,0.86577296,-0.49363264,-0.47727546,0.19224721,0.25108457,0.34475335,-0.07388897,-0.3861783,0.50501245,-0.073998116,0.72844803,0.09649382,0.034722038,0.11233204,0.001876834,-0.08069123,0.50669503,-0.053322002,0.13523024,-0.2872282,-0.20974591,-0.51120526,0.26238275,0.18297876,-0.030381612,0.6022802,0.4185854,-0.2710635,-0.00040558225,-0.14882128,0.14244215,0.40074325,-0.38897386,-0.37727976,-0.04792346,-0.33421227,-0.39502117,0.91774756,0.024759013,-0.8657577,0.15007362,0.31746367,0.5479383,0.20143995,-0.0017291934,-0.27849686,0.3343779,0.17377731
-0.44549122,-0.45195267,-0.20912388,0.011738136,0.058043256,-0.5700811,-0.02687309,-0.66168815,-0.52903247,0.11040789,0.15071718,-0.3655271,0.5396111,0.4918085,0.19975522,0.19780038,-0.4939103,-0.5863649,-1.3314416,-0.706814,0.39868125,-0.31725082,-0.35945344,0.85645837,-0.18368293,-0.2488624,0.8609926,0.09537251,-0.34567076,0.6309353,0.43664566,-0.5706437,1.1301274,-0.18500029,-0.10322621,0.06677154,0.17483772,1.1801705,0.038740303,-0.8889507,0.25703657,-0.36325848,0.85342765,-0.20453419,-1.118009,-0.21814834,-0.013142152,-0.12387119,-0.015920611,0.16701952,0.37703007,-0.9305673,0.7079012,0.7334328,0.8300877,-0.5194926,1.0432936,-0.8237006,0.6577083,1.0574431,-0.629623,-0.45786294,0.5769335,0.9718559
0.14762126,0.15707602,-0.07259803,-0.059096072,0.2030476,-0.07128195,-0.12256549,-0.06296434,-7.79439e-05,-0.17124778,0.2225031,-0.070744604,-0.16513258,0.0059752394,0.028665205,-0.2073393,0.16154274,-0.08159012,-0.1537797,0.008246844,-0.08292345,0.19752628,-0.004338051,-0.014738732,0.17039917,0.06574724,0.16370066,-0.2822965,-0.084786154,-0.02996769,-0.1297011,-0.043557525,0.09659577,0.023012592,-0.05349099,0.08197036,0.0072929934,-0.22364998,0.09002591,0.27292734,-0.10219496,-0.016334798,0.0833903,-0.05701125,-0.07255704,-0.2552299,0.066418104,0.06269227,-0.06596942,0.23459949,-0.02231498,0.0984167,-0.20125103,0.14222959,-0.14514555,0.012574119,0.09821287,-0.025313117,0.18653154,-0.032477602,-0.11445452,0.18495242,-0.07562464,0.19214173
0.898151,0.07775311,0.7210002,0.9388367,0.42948216,0.010284143,-0.10261458,-0.030437803,-0.24243893,-1.6655641,-0.2081269,-0.6935441,0.6183717,0.26442373,-0.10445747,-0.20695615,0.56811845,0.30856466,-0.6288521,0.3386155,0.45518407,-0.83959544,-0.21539494,0.039777573,-1.2647609,-0.24137205,0.42826158,-0.0021604293,0.67208916,-0.560535,0.665021,-0.081680916,0.9232812,0.6866308,-0.63008094,1.18198,-0.32973197,0.19937238,0.5919916,-0.31747025,-0.18554099,0.31222552,0.9529795,0.046838652,-0.32492125,-0.5741431,-1.3393625,0.47129387,-1.2620736,-0.31334528,0.16429605,-1.0617498,0.18544711,-0.450464,0.04650671,0.77033395,-0.4108957,0.30391806,0.23104002,0.66267425,0.6841516,-0.57612157,0.593089,-0.47996667
-0.28818527,-0.21509978,-0.13997592,0.134105,0.0038442025,-0.041895304,-0.19668685,0.14979634,0.02151381,0.1652188,-0.12017034,0.010142579,-0.020591097,0.23383279,-0.14740124,0.19745205,0.15887178,0.057595547,-0.091363005,-0.1405542,-0.16559045,-0.14911534,0.60769993,-0.07165717,-0.07295411,-0.29955393,0.2529549,-0.19131607,0.032816112,-0.20312922,-0.44209442,0.17689878,0.13762358,0.23315825,0.29119766,0.16736697,0.14211975,0.009251781,0.22947468,0.1301727,0.20081359,0.25067264,-0.051404588,0.14418039,-0.14531967,0.018325418,-0.072352484,0.012803096,0.09250868,0.044074066,-0.37172887,0.13272351,0.10512442,-0.18345436,0.0046871807,-0.077055596,-0.025794413,-0.2698485,0.04067204,-0.058716748,0.04887151,0.069638185,0.089836985,-0.06657765
-0.49326685,-0.13861139,-0.18398327,0.3189418,-0.46645415,0.5197451,-0.14013617,0.39635813,-0.26904014,-0.48726845,0.02043885,-0.3472934,-0.29349515,0.14474812,-0.121107064,-0.06160632,-0.010811609,0.009235016,-0.3173006,-0.46998256,0.1578581,-0.3079944,0.27454647,0.07434553,-0.32655734,-0.49011827,0.087896205,0.16004977,-0.33711818,0.6130028,0.2886421,0.3494493,0.7235258,0.0629935,-0.63970524,-0.69040066,-0.4780421,-0.4111725,-0.04805401,0.099594206,-0.28987885,0.7741473,0.0048815506,-0.5960175,0.3048734,0.3482875,-0.0917681,0.2246435,0.104399584,0.2520381,0.2919784,-0.704636,-0.17112647,0.050987728,0.71331584,0.58784693,0.22085328,0.20717847,0.25571993,0.63135326,0.077707715,-0.25495768,0.6159575,-0.17168792
0.019733822,0.3888993,-0.02186918,0.2768101,-0.34421495,0.012355538,0.20312709,-0.33869478,0.22238058,0.1505898,-0.038841013,-0.18603408,0.06484466,0.2555318,-0.092038915,-0.09787919,-0.31767774,0.23962992,-0.3025878,-0.030080093,0.09975151,0.21728534,0.4257286,-0.010518331,0.15911944,-0.2651846,0.0108411675,0.0005446217,0.00766246,0.0168156,0.16534184,0.3443298,0.1515627,-0.26666006,-0.13759866,-0.06661755,0.34623662,-0.030771343,0.03861386,-0.1525627,-0.35574433,-0.16255115,0.1336164,-0.07177192,-0.036919083,-0.01517404,-0.18801229,-0.016722854,-0.043768205,-0.16395119,0.0067732735,0.18752553,-0.040881746,-0.02503629,-0.25833848,0.010407747,0.08704181,0.19536689,-0.3390476,0.046766736,-0.06499697,0.46476015,0.039468106,-0.11995245
0.029256497,0.2364309,0.33432427,0.30216578,0.43952796,-0.5780502,0.12460937,-0.09107735,-0.54430664,-0.1905403,-0.021641295,-0.0995104,-0.627735,0.06026002,-0.056449387,-0.16556564,0.6872964,0.40538788,-0.21945454,-0.96828264,0.36822328,-0.4291064,-0.34248152,-0.35310927,0.09133218,-0.18579532,0.4350276,-0.74687666,-0.039662365,0.55776376,0.25110456,0.13767762,0.59695184,0.008355222,0.54517454,-0.40322188,-0.53068537,0.2397235,0.5973017,0.5785777,-0.018544128,0.52785254,-0.27894968,-0.3988821,0.25805154,-0.52481335,0.27473816,0.21519949,0.17151318,0.44130632,0.0963907,0.38154668,0.026551774,0.5781695,-0.038978536,0.28107065,0.48028663,0.066563845,-0.20630962,0.18441005,-0.20763646,0.61263025,0.41684142,0.41433588
0.056024577,-0.038221948,-0.31635422,-0.14042377,-0.31009966,-0.11615258,-0.5187627,0.028328227,0.13087562,-0.011680535,0.2455846,0.39448968,-0.27834108,-0.030617118,-0.10568403,0.099444225,-0.02757887,-0.1775742,-0.10678832,-0.24049821,0.046105374,-0.4631753,0.05116686,-0.11026893,0.14231408,-0.03313671,-0.039163508,0.3063835,-0.35598606,-0.053077616,0.40763494,0.14832303,0.07761606,0.10166061,0.29072475,0.11691238,-0.33673483,0.12567383,-0.18476929,0.11536098,0.13231705,0.15895315,-0.06351912,-0.1288776,-0.13739026,-0.27217796,0.1636257,-0.014517028,-0.053100105,-0.13115825,-0.09270141,-0.2081288,-0.15344147,0.3476324,0.21708348,-0.46999115,0.042028647,0.48744822,-0.09931842,0.2076718,0.092008285,0.018804224,0.21902831,-0.059409127
-0.4859345,-0.17848748,0.35134056,0.8495066,-1.6828468,0.17245768,-0.7828398,0.50330293,0.1802946,0.14359052,-0.20558414,-0.09009705,-1.3482031,0.39705354,-0.86644554,-0.28413445,-0.19635028,-0.6292034,-0.75734526,0.2538056,0.89413,0.9492838,0.26524377,0.55344373,-0.4995279,-1.0945779,-0.10063832,-1.0896021,0.6823436,-0.8404301,1.3075612,-0.09098635,0.68941975,0.06597636,0.84790653,-0.28406134,-0.061800364,0.11788035,-0.651587,-0.12248941,-0.33041653,-0.3576058,-1.2001626,0.6080051,1.8601215,-0.85124207,0.2542929,0.46885818,-1.0372703,-0.6011163,0.3710631,-0.5757422,0.57386136,-0.7313917,1.3367461,-0.050252907,-0.73908114,0.5091592,0.7515983,0.746287,-0.18898189,1.0883516,-0.006510736,1.3595595
-0.040221,1.0406656,0.31703046,1.202638,0.15849903,0.09918063,0.015990557,-0.389119,-0.028174939,-0.14950854,0.7350559,-0.002302211,-0.81758165,0.2233933,0.45884296,-0.7604608,1.1518809,-0.044944644,-0.9484883,-0.3802313,0.20051463,-0.5309967,-0.21687718,0.69017744,0.68324125,-0.85239357,0.06484745,0.70966905,-0.20463791,0.44856042,-0.41704136,0.55977005,0.6074138,0.8198631,0.19649068,0.12370759,0.16967617,0.20695205,0.17858563,-0.20583585,-0.10843287,0.74822634,-0.62087506,-0.3382475,-0.22757325,-1.730643,-0.54363996,0.37406218,-0.8334612,0.27718645,-0.21127927,-0.34585863,-0.47879708,-0.7949441,-0.6568892,-0.4301691,-0.62121123,-1.0195422,-0.23808306,-0.053873572,-0.26877132,0.32897875,1.0914617,0.19875103
0.11704319,1.270543,-1.7115061,0.3564997,0.27769634,-0.4169425,-0.6333727,0.4456573,-0.8693673,0.71374923,-0.09210706,0.9084368,0.24916051,-1.1862918,0.96544904,0.0069467714,0.1338431,0.44835716,-1.8913174,0.23750892,1.1051446,1.1495874,0.5410767,1.1660637,-0.25953695,-0.36168125,0.4553651,-0.74632275,-0.21721134,-0.950517,-0.06591598,0.007514408,0.06964072,0.23569174,-0.20610896,-0.15256897,-0.6597828,-0.56501216,0.058630638,-1.1845739,0.15796635,-0.09591056,0.27166384,-0.0026894696,1.0297755,-0.539379,-0.109885156,0.17837465,-0.027175294,-0.5384719,0.5954909,0.7756402,0.334445,0.3603939,0.48171458,-0.054389585,-0.18468915,-0.089270696,-0.87781864,0.15470293,-0.24996573,-0.96571016,-0.26688784,-0.51157254
0.30564156,0.598067,-0.047880422,-0.08690812,0.44790277,-0.21696977,-0.18689138,0.15190713,-0.06339675,-0.009668684,0.28765863,-0.09151615,-0.2709845,-0.082339324,-0.021110501,-0.5506469,0.43648833,0.058346733,-0.12796614,-0.089361794,0.06681664,0.0025014654,-0.18063971,0.059583247,0.32417995,0.06301999,0.11102703,-0.48222914,-0.28255916,0.15681468,-0.2090173,-0.031785402,0.32423303,0.2140519,0.10964522,0.11335274,0.13179342,-0.32457882,0.060075223,0.41014203,-0.15779784,0.1562504,0.1041452,-0.11055535,0.2086807,-0.41562992,0.116262406,0.1675139,-0.07639397,0.09984011,0.06858302,0.1040991,-0.075314544,0.1965249,-0.28028625,0.05712263,-0.051058907,-0.42770848,0.33505315,-0.1945525,-0.25613824,0.10800049,-0.16917466,0.22637044
-0.2977335,0.48279238,0.75925153,0.45727694,-0.03836436,-0.29230055,0.14830087,0.08337306,-0.4747967,0.26240993,0.29713008,0.04571191,-0.021657411,-0.11254909,0.19051248,0.47323743,0.078024805,0.26357257,0.39839584,0.2902291,0.53171,-0.045791954,-0.11406692,0.047155943,-0.34498012,0.32798713,0.0883624,-0.63712734,-0.6528167,0.20566146,0.22550485,0.11378544,-0.011901432,0.85352314,0.31481072,0.24933255,-0.56092167,0.44452032,0.3116845,0.10008096,-0.8191257,-0.23753093,-0.47204387,0.025642807,-0.35148093,-0.40323058,-0.3871267,0.5462386,0.098777086,-0.8755747,-0.07907625,-0.48148814,0.5511006,0.28515464,-0.71584755,0.25513643,0.2742095,-0.069904536,0.24436237,-0.19741464,0.2645029,-0.3012742,0.0038846128,0.16677836
0.63793474,-1.0177029,0.4097594,1.2628803,-0.30619177,-0.9663833,-0.66338325,0.507978,-0.5579431,-0.13341832,0.12249078,0.26490167,-0.9307461,-0.7802384,0.47102806,-0.18513036,0.9433606,0.34096107,-0.46954295,-0.3981568,1.0487318,-1.2133086,-0.006121335,0.00958404,-0.33424386,-1.3835102,0.47896492,0.034894757,0.07898626,1.0756152,0.5394567,-0.109435745,0.7131772,-0.49409726,-0.7529192,-0.23498914,-1.3573477,-0.6223483,1.0601705,0.2836321,0.7013395,0.9787978,0.6838193,1.0178553,0.035026494,-0.0070714722,-0.64542305,-0.0627961,0.39649338,-1.1419855,-0.5271805,0.38075966,-0.0481058,0.04244201,1.0757432,-0.7940567,0.59402704,-0.652395,0.42658618,0.4446794,0.36847517,1.3045671,0.35922214,0.2076706
-0.12895787,-0.16350028,0.12962031,0.12925309,0.11522496,0.010757835,0.35126448,-0.07595879,-0.35735872,0.23576544,-0.30051985,0.054807905,-0.0442161,0.17020151,-0.047794785,0.31909207,-0.037147053,0.09460534,0.26544645,-0.038532037,0.29259065,0.575762,0.35076657,-0.013205692,0.032277364,0.14812332,-0.17941177,-0.13821533,-0.6605911,0.2703808,0.076232135,0.21154337,-0.11005327,-0.101108626,0.06880726,0.19665362,-0.32111305,0.1218238,0.47121564,-0.038631123,-0.41963986,0.030125571,-0.06660737,0.072765134,-0.082530774,-0.015253543,0.10028764,0.25786975,-0.19279082,-0.28822598,-0.20012175,-0.30652207,0.2318415,0.015847454,-0.2096055,-0.2413705,-0.12683617,0.14805429,-0.26464796,-0.028334847,0.5672813,0.039260138,0.13067278,-0.016350456
-0.3652812,-0.0066549587,-0.024881572,0.18390645,0.2230893,-0.27723935,-0.10692715,-0.047467947,-0.39020666,-0.05490181,0.041487392,0.3949561,-0.26582634,0.14445023,0.13502973,0.022616576,-0.19523811,-0.11621293,0.010271355,-0.43395385,0.043006167,-0.48375663,-0.26860964,0.24912174,-0.35357288,-0.04222712,-0.08523087,0.15157266,0.118910186,0.06820089,-0.114193976,0.3340769,0.20071448,-0.0027310979,0.18806727,-0.17667453,-0.47871062,0.23300399,-0.25073707,0.08220281,0.05415159,0.050254915,0.4394878,-0.33161217,0.15066817,0.04767927,0.24035354,-0.064479925,0.090407215,0.21984881,-0.17713143,-0.06402412,-0.2440143,0.053221796,0.066413544,-0.20486772,0.22194399,0.3179591,-0.25674352,0.045003697,0.18645705,0.13388163,0.12808487,0.37853995
-0.89565325,0.030853976,0.66190684,0.1974121,1.0117584,0.39587724,-0.6577202,-0.1581742,-0.01311426,-0.20541471,0.35264292,-1.3808771,-0.21987057,-0.94726795,-0.19732119,0.15470468,0.6917531,-0.97745687,-1.2964642,-1.0278004,-0.18779935,-0.010605232,-0.28444064,0.638319,0.0653287,-0.090228654,0.9795322,-0.24754623,-0.3036043,0.63610035,0.6871135,0.186852,0.27742708,-0.15459676,0.16675131,-0.29034743,0.16232641,0.6175921,-0.38514355,1.3260925,-0.19467701,0.22666721,0.9447006,-0.6788308,-0.6122284,-0.008391729,0.32857177,0.6556709,-0.4900935,-0.34716058,0.7097604,0.3371648,-0.1285872,1.3061302,-1.0243001,-0.24918285,-1.6894565,-0.24175712,-0.010283548,0.1418598,0.62006,0.11325143,1.1197366,0.09419283
-0.17111768,0.42151877,0.64363927,-0.54481775,0.62662214,-0.3113488,-0.0013196178,0.50442237,-0.44278806,0.5354884,0.37666142,-0.036049422,-0.23910828,0.04390593,-0.24994798,-0.20428957,0.47173026,0.3061603,-0.18165042,-0.22645636,0.23471284,-0.49429393,-0.58821243,0.43702757,0.0203945,-0.61036587,0.574867,-0.35724673,0.27804273,0.37039453,-0.15381736,0.38409144,0.26410016,-0.19549023,0.3389255,-0.22882256,0.14086287,0.3087298,-0.20749088,0.06846654,0.10633868,0.25782898,0.44622263,-0.35000125,0.31335923,0.478429,0.09286728,0.22929497,0.7518098,-0.42792037,0.05816202,-0.68772364,0.05719487,0.34576073,0.016642157,-0.8410134,0.14649904,0.21162075,-0.032488476,-0.077768825,0.08062883,0.2945453,0.25160658,0.20675728
-0.0025674908,-0.4288942,0.16918182,-0.26182902,-0.25206605,-0.14435121,-0.22121286,0.24257328,-0.12229286,-0.06729227,0.39742878,0.5082469,-0.41724083,0.23757541,-0.24233066,-0.21068291,0.0782869,0.25994322,-0.35051066,-0.123499006,0.09968761,-0.42299804,-0.35606903,0.12833129,0.36371598,-0.21729574,0.09093788,0.0116751585,-0.09817485,0.008998354,-0.073619045,0.3933463,-0.1080959,0.0067977672,0.17169215,-0.5129366,-0.48834625,0.42184997,-0.20944096,-0.45431766,0.03885108,0.004606209,0.3871631,0.2997444,-0.086354055,-0.3383232,0.07444585,-0.1069245,-0.1526373,-0.044514034,-0.077602744,-0.32848674,0.2508874,-0.1812827,0.13635659,-0.34249443,-0.04350152,-0.036298353,-0.3431645,-0.26844594,-0.0951248,0.547109,-0.08330823,0.16299692
0.6871167,0.27063152,-0.108453624,-0.2830384,-0.22886908,-0.5212489,-0.6980661,0.28887314,0.07300667,0.45802101,0.04381294,0.259006,-0.0008214909,-0.028360495,-0.03774138,0.24098398,-0.11072789,-0.026331548,0.28280196,-0.29218128,-0.070358366,-0.30303252,0.0060083056,-0.22737826,-0.11877009,-0.049655348,0.24513416,0.22962658,-0.25817484,-0.18746924,0.038175683,0.043055035,0.23328713,0.0009684333,-0.12931176,0.21261206,-0.14247179,-0.23239264,-0.28611857,0.16106604,-0.19188453,-0.037964534,-0.054005433,0.085615635,-0.22685853,-0.17930597,-0.1999442,0.30199248,-0.2667001,-0.012358445,-0.14229076,-0.09048279,-0.15379052,0.17457181,0.0425555,0.06913083,-0.06941341,0.29187313,-0.122331664,0.52781093,-0.15608072,-0.20734127,-0.0024797549,-0.043567605
0.5421358,0.18162154,0.19980463,0.031253554,0.19587903,-0.29364365,-0.26287997,0.43835336,-0.355562,0.67139345,0.35169882,0.07416963,-0.0048990645,-0.043362997,0.16757779,-0.06619103,0.36578465,-0.18901011,0.043431636,-0.17087059,0.13232505,-0.55367905,-0.082004,-0.3009854,-0.051752876,0.013540979,0.29187804,0.28885671,0.17103243,0.39655796,0.11395103,0.3944297,0.40713817,0.38547853,0.60244775,-0.09615591,-0.15128277,-0.20928526,-0.18072152,0.12222778,-0.46975583,0.3774155,0.04240971,-0.19811334,0.473088,-0.081229545,0.09528326,0.55542105,0.13362767,0.06031291,0.21274929,-0.32242993,-0.030835722,0.53298455,-0.2645797,-0.3764269,-0.3027801,0.35392517,-0.41489127,0.26466027,-0.064212754,-0.103838824,0.17150721,-0.31946516
-0.0065409746,-0.18452685,0.026826568,0.23852918,0.41578606,-0.021324515,0.028083993,0.15877724,-0.43649626,0.045419358,-0.3343231,0.011690094,0.20238031,0.13335574,-0.033735912,0.1822865,-0.02183716,-0.06999597,0.20399264,-0.006145168,0.41894433,0.5309091,0.31795466,0.03359346,0.11836157,0.017167803,-0.19838369,0.003269785,-0.51054734,0.4593283,-0.3316518,-0.056860607,0.10685085,-0.19744448,-0.17193575,0.08127446,-0.428027,0.026201243,0.42756602,0.25670907,-0.41669843,-0.2625245,-0.5729689,-0.38248307,-0.16761808,-0.1978965,0.36167184,-0.080288775,-0.2086959,-0.29991904,-0.06320106,-0.37745658,0.34544614,-0.21573563,-0.27751097,-0.2914638,-0.072644025,0.18184952,-0.26152977,0.11312873,0.36607367,-0.04312318,-0.073248565,0.15326461
0.091661,-0.16351925,-0.08270816,0.08633924,-0.16388243,0.1349217,-0.03586379,-0.38768607,0.024512611,0.1728472,-0.14786828,-0.09597862,-0.39212608,-0.48774582,0.3224236,-0.1467869,0.034566488,-0.42401758,-0.10342484,-0.13117579,0.6789062,0.25348926,0.15695767,-0.18634932,-0.18088351,-0.35562927,0.1343208,-0.26529545,-0.064845435,-0.022208309,-0.009399428,-0.010905665,-0.03216294,-0.29003635,0.3078162,-0.084209934,-0.08906668,-0.32490337,-0.4118884,-0.10897668,0.32570738,-0.02890176,0.053764217,-0.06803,0.2757495,0.15862247,-0.36524522,0.21184967,-0.06886871,-0.16939509,-0.04245716,-0.14442843,0.13369243,-0.20917426,-0.0022131205,-0.08509699,0.34710604,-0.26773244,0.1465865,0.5153742,0.37350526,-0.21078433,-0.24002303,0.099645264
0.091661,-0.16351925,-0.08270816,0.08633924,-0.16388243,0.1349217,-0.03586379,-0.38768607,0.024512611,0.1728472,-0.14786828,-0.09597862,-0.39212608,-0.48774582,0.3224236,-0.1467869,0.034566488,-0.42401758,-0.10342484,-0.13117579,0.6789062,0.25348926,0.15695767,-0.18634932,-0.18088351,-0.35562927,0.1343208,-0.26529545,-0.064845435,-0.022208309,-0.009399428,-0.010905665,-0.03216294,-0.29003635,0.3078162,-0.084209934,-0.08906668,-0.32490337,-0.4118884,-0.10897668,0.32570738,-0.02890176,0.053764217,-0.06803,0.2757495,0.15862247,-0.36524522,0.21184967,-0.06886871,-0.16939509,-0.04245716,-0.14442843,0.13369243,-0.20917426,-0.0022131205,-0.08509699,0.34710604,-0.26773244,0.1465865,0.5153742,0.37350526,-0.21078433,-0.24002303,0.099645264
0.79048926,0.82392144,-0.1540728,0.3026035,-0.13983162,-0.3679107,-0.00036954854,-0.16061667,0.049664564,-0.16616818,0.35119927,0.5070787,-0.48085397,0.27749518,0.008623261,-0.8295029,0.5238439,-0.044848774,-0.15585986,-0.16813643,0.18148483,-0.09667688,0.016891632,0.0125493,0.4438294,0.15611,0.16292334,0.06435115,0.108729765,0.25228807,-0.64434206,0.35663083,1.1003952,0.589547,0.35003397,0.05950563,-0.085620075,0.03362129,0.13714597,0.1948151,-0.25652295,0.15496847,0.33227733,-0.07032946,0.34879464,-0.89440477,0.18387593,0.6644873,-0.67316055,-0.036162175,0.26091945,0.12323179,-0.19801605,0.26977533,-0.69192415,-0.10634596,-0.14114632,0.3560246,0.23606563,0.50547343,-0.5235854,0.10935538,0.4996408,-0.1393786
-0.18875661,0.4314608,-0.25264543,0.2566112,-0.2518249,-0.15393782,-0.2810369,-0.50842726,0.141412,0.36068678,0.0016523313,-0.06336364,0.013920668,-0.35593846,-0.48416322,0.6537299,-0.258313,-0.034948073,-0.00013072455,-0.6695105,-0.35954416,-0.47686455,0.029484322,0.12084028,-0.03956559,-0.42882776,0.38232967,-0.40044403,-0.62187856,-0.110795476,0.106475666,0.4008658,0.23031041,0.23497824,0.17182639,0.036847025,-0.03777086,0.041890703,0.35966727,0.12871045,0.27120253,0.27768818,-0.12391106,-0.3496302,-0.30721232,0.19687302,0.36665252,-0.14313741,0.2670412,0.27116725,-0.030443229,-0.07942948,-0.030100761,-0.24082725,0.07512472,-0.19738911,0.007449752,0.27273116,0.039490726,0.26550022,0.4784841,0.15716428,0.047739916,0.20029807
-0.3288344,0.17554893,-0.15384479,-0.21021345,0.37099987,0.019400155,0.1972007,-0.074622534,-0.52952445,0.079157315,-0.3053424,0.07195553,-0.085902214,-0.008575731,0.17562263,0.09947792,-0.17467888,0.085828535,-0.18383136,-0.18201813,0.5737595,0.17147708,0.11802167,0.2507561,-0.21919608,0.0093860915,0.16352095,-0.31837526,-0.37621668,-0.36630604,-0.05124188,0.050024275,0.09242823,-0.58578503,0.13573834,0.13232964,-0.7515596,0.13309456,-0.015654694,-0.05356458,-0.26502487,0.15724942,-0.009258238,-0.27172238,0.22626676,0.061450038,0.1206639,0.70098436,-0.49939868,-0.110730834,-0.17519568,0.11600058,0.06423763,-0.5003342,0.03246453,-0.24324374,0.1902697,0.099409446,-0.2540762,-0.31595734,0.56554097,-0.27166665,-0.35093445,-0.033061795
-0.039136168,-0.19006643,0.63707405,0.40942937,0.006832137,0.12932499,-0.34898496,-0.09191303,-0.08601803,-0.2632176,-0.06762458,0.056376033,-0.5149266,0.17712568,0.6426928,0.27971473,0.26492554,0.16252008,0.13917848,0.33827385,0.38892475,0.23039095,0.1381135,0.089167245,-0.16810732,0.15051916,0.45841566,0.116234444,-0.14686216,-0.17504284,-0.016621845,0.18640779,0.21643162,0.2495725,0.09680232,-0.0017014827,-0.34449542,-0.10156925,-0.38149214,-0.0038294252,-0.16737446,-0.27481824,-0.079880044,0.07640399,-0.009771766,-0.011981039,-0.10930013,-0.06582587,0.2995013,-0.79430056,-0.11222449,0.03677631,-0.09807598,-0.1266109,-0.12359463,0.20971864,0.24593936,0.31505772,0.57907605,0.17050341,0.65246934,-0.24289054,-0.3936164,0.1330979
-0.11532221,-0.010628848,-0.09486655,-0.33115238,0.01605239,0.033839233,0.0066259517,-0.110704914,-0.15993422,-0.24639055,-0.22534105,0.09868292,0.20476013,-0.29991487,0.036805965,-0.16774136,-0.10461486,0.027230414,-0.55498797,-0.25099,0.37847233,0.0154037895,0.25604317,0.014342841,-0.17192914,-0.6351347,0.14886998,-0.5626275,-0.089529425,-0.29118356,0.014788342,-0.107862025,-0.06867698,-0.470151,0.03011593,-0.036467586,-0.3082461,0.16078268,0.023843331,-0.0963094,-0.1524303,0.13092698,-0.14074376,-0.34065494,0.3270915,-0.17719474,-0.1251985,0.39778498,-0.39124113,-0.2230543,0.28004575,0.28237218,0.17112106,-0.35806897,0.3148481,0.32088658,0.2366745,0.3233043,-0.36242694,0.13371572,-0.1668861,0.16841276,-0.052835647,-0.3305262
0.17964463,-0.21336767,0.458542,0.19337405,0.25165865,-0.31074026,0.4765595,-0.3539561,-0.24247533,0.36808267,0.11940668,-0.0007600091,-0.27260217,-0.2995828,-0.19715513,-0.20565972,0.79427993,0.28294516,0.044437602,0.1349909,0.15508501,-0.25891358,-0.24234658,-0.21518208,0.3827151,-0.26327184,0.21087202,-0.18342128,0.68617254,0.19204797,0.11482344,-0.15762204,0.47468626,0.17875792,0.31248364,-0.0843515,-0.03198637,0.08156549,0.39587328,-0.012623865,-0.38500333,0.47561494,0.3503579,-0.1291834,0.2573089,0.067072704,-0.10172187,0.2601853,-0.19961055,-0.3633066,0.318382,-0.1902653,0.50060374,0.4290385,0.012563907,-0.2564563,0.15754265,0.059650593,0.14371203,-0.046710547,-0.12145853,0.22941877,0.059820753,0.007533922
-0.013795874,-0.10021842,-0.22424851,0.15071754,0.35336113,-0.09522777,-0.2815749,0.025509462,-0.4697634,-0.11035274,-0.034117978,0.022775706,0.08490009,-0.2826956,-0.12728994,-0.09284731,-0.28404382,-0.29967904,-0.17471914,0.07401375,0.28180164,0.21863638,0.3929687,-0.051183514,0.2662205,-0.045198638,-0.21398082,0.12109633,-0.055036496,0.32856598,-0.31263655,0.03629411,0.47752786,-0.28593895,-0.27095312,0.053161003,-0.17176211,0.1946039,0.3990882,0.12703872,-0.110093385,-0.3394683,-0.6722086,-0.3648713,-0.20224561,-0.23974168,0.4269014,-0.34713304,-0.16466217,-0.30641264,-0.009239645,-0.37532726,0.11802665,-0.17563246,-0.2071837,-0.16443388,0.08200841,-0.01418398,-0.12815535,0.109313816,-0.072284624,-0.252159,-0.2100278,0.13999818
-0.10765557,-0.17311054,-0.1834869,0.07992449,0.16208534,0.003725036,0.050077748,0.17743942,0.12912922,0.22271343,-0.014798021,-0.13774924,-0.15397182,-0.0074952003,0.29738495,-0.20242198,-0.29339585,-0.4206439,-0.1796665,-0.1413274,0.24349953,-0.23932634,0.028366333,-0.3391245,0.09011814,0.0074142558,-0.08214762,-0.642551,0.246068,-0.29355568,-0.07230433,-0.17185114,-0.23415405,-0.45634606,0.35343626,-0.06995231,-0.13767022,0.038926147,-0.4845475,-0.17874542,0.0074910563,0.24495517,-0.06414147,-0.053532314,0.071498886,-0.10725807,-0.08389306,0.34740877,-0.18935286,-0.30143127,0.03769929,0.013818809,-0.0682221,-0.41306108,0.06264354,-0.035362028,0.13075802,-0.093557104,-0.15451145,0.28897545,0.14255077,-0.34365696,0.029565917,-0.20459886
0.42421728,0.38133827,0.6101354,0.54612976,0.0895052,-0.06573929,-0.2513578,-0.79738444,0.119189166,0.29688758,1.1195866,0.3779259,-1.5238273,1.298545,0.97632045,-0.63524705,0.30272192,-0.3922798,-0.9124482,-0.7084102,1.0865599,0.24239221,0.16402343,0.75596297,-0.47242114,-1.2269617,0.70217466,0.80281883,-0.03816467,0.17227955,0.32541734,-0.24501413,0.8535941,1.4845722,-0.5332302,-0.12983315,0.058203958,-0.15954037,-0.15310417,-0.21710385,-0.8455115,-0.350479,0.7294871,-1.0691041,-0.16533615,-0.20352182,-0.7748262,1.5899812,0.97025603,-0.84177554,-0.25222704,-0.9443833,-0.24335824,-0.26285297,-1.0902717,-1.1170003,0.7127499,-0.58967954,-0.76937246,0.37522367,-1.0441061,0.8730234,-0.10703782,1.0524663
0.5285027,0.19797584,-0.22947107,-0.22810176,0.09045542,-0.28720295,-0.36355332,0.08973528,0.015336284,0.123335905,0.5445113,0.14242198,-0.5163651,-0.032982465,-0.06648086,-0.54220176,0.5203289,-0.2427706,-0.33846152,0.19658253,0.15520343,-0.32833242,0.020404112,-0.194063,0.416522,0.08108134,0.25135487,-0.118410096,-0.21805611,0.30323312,0.2737822,0.0824386,0.290773,0.25737104,0.17095476,0.34408423,-0.24210759,0.02320782,0.06108574,0.5293277,-0.22881623,0.30879584,0.14522994,0.13159455,-0.08820042,-0.52933383,-0.030746805,0.3050957,-0.08995319,-0.2810019,0.039881557,-0.104918115,-0.2622374,0.5572887,-0.11181308,-0.6126771,-0.09272384,0.18897592,0.22212172,0.14411834,-0.30936745,0.2978971,0.23263967,-0.04978633
-0.4073438,-0.21762232,0.073907696,0.07750653,0.4762657,0.6864636,-0.531924,-0.5442672,-0.37723425,0.02491773,0.42278615,-0.16512533,0.103023924,-0.24529684,0.05707258,0.32519293,0.1749696,-0.058369003,-0.42749116,-1.0493833,-0.13113841,-0.19707368,0.27279294,0.5491788,-0.25139785,-0.42706233,-0.15480249,-0.053896453,-0.023914525,0.030347554,0.06349154,0.33023295,0.42877612,0.23933487,-0.028976394,0.6499183,0.20689572,-0.22405404,-0.16054755,-0.11361807,0.5670856,0.6183317,-0.09134424,0.20678174,-0.614875,-0.113413736,0.15155216,-0.40262464,-0.2861237,0.064493775,-0.15920119,0.099160984,-0.04487308,-0.07183359,0.21027553,-0.2923006,-0.2460153,0.5134598,0.04655235,-0.043351293,0.8173338,0.57900995,0.4833477,-0.28490967
-0.14746098,0.11591742,0.08642243,0.27518928,-0.29085746,-0.07378379,0.46758878,-0.39961872,-0.1895109,0.14629827,-0.10693875,-0.3632879,0.29791838,-0.1093968,-0.119426295,-0.34024048,0.4682702,0.0008428061,0.06278097,0.22646962,0.44669986,0.29724,-0.2799531,0.0038750756,0.27235776,-0.0018473129,0.12609628,-0.023636553,-0.10033792,-0.19599956,0.083988175,0.034197,0.6725584,-0.39527026,0.27687293,-0.06497903,0.012396753,0.0565763,0.40118393,-0.4108054,-0.0136854835,0.38697287,0.38849697,-0.058948766,0.21793033,-0.43018195,-0.41819766,0.14743924,0.26747143,0.27144912,-0.12677525,-0.51595783,0.08059909,0.06455984,0.19892119,-0.6588367,0.17586978,-0.4374729,0.47686398,0.6768997,0.037026856,0.09166596,0.69437134,-0.02473808
-0.67459255,0.17302927,0.5373155,0.71348464,0.23511925,-0.39305824,-0.42012084,-0.5126716,-0.805892,1.7660909,0.8721563,0.1679942,0.09358051,0.36397243,0.6526369,0.036261894,-0.055322766,-0.7777597,-0.1052792,0.32575265,-0.2602976,-0.85296136,-0.055750318,2.003677,-0.93037975,-0.12820987,-0.1659517,0.17506668,0.6326788,0.7512021,-0.039649297,0.6149515,1.0050684,0.0975942,-0.7156478,-0.16173905,-0.7755753,-0.7378853,-0.3166146,-0.41407484,-0.12943271,0.634218,0.58979654,0.07323006,0.38663432,-0.4084422,-0.34716684,-0.6770062,-0.76585543,0.6090991,-0.008599877,0.0010055676,-0.7757557,0.2722886,-0.500774,-0.53690577,-0.36551577,0.56338656,-0.66982746,1.342204,0.067949176,1.0031424,0.94416517,-1.1605561
